Date,ma_crossover,ou_mean_reversion,momentum_accel,ensemble_return,chosen
2020-01-06,0.0,0.0,0.0,0.0,ma_crossover
2020-01-07,0.0,0.0,0.0,0.0,ou_mean_reversion
2020-01-08,0.0,0.0,0.0,0.0,momentum_accel
2020-01-09,0.0,0.0,0.0,0.0,ma_crossover
2020-01-10,0.0,0.0,0.0,0.0,ou_mean_reversion
2020-01-13,0.0,0.0,0.0,0.0,momentum_accel
2020-01-14,0.0,0.0,0.0,0.0,ma_crossover
2020-01-15,0.0,0.0,0.0,0.0,ou_mean_reversion
2020-01-16,0.0,0.0,0.0,0.0,momentum_accel
2020-01-17,0.0,0.0,0.0,0.0,ma_crossover
2020-01-21,0.0,0.0,0.0,0.0,ou_mean_reversion
2020-01-22,0.0,0.0,0.0,0.0,momentum_accel
2020-01-23,0.0,0.0,0.0,0.0,ma_crossover
2020-01-24,0.0,0.0,0.0,0.0,ou_mean_reversion
2020-01-27,0.0,0.0,0.0,0.0,momentum_accel
2020-01-28,0.0,0.0,0.0,0.0,ma_crossover
2020-01-29,0.0,0.0,0.0,0.0,ou_mean_reversion
2020-01-30,0.0,0.0,0.0,0.0,momentum_accel
2020-01-31,0.0,0.0,0.0,0.0,ma_crossover
2020-02-03,0.0,0.0,0.0,0.0,ou_mean_reversion
2020-02-04,0.0,0.0,0.0,0.0,momentum_accel
2020-02-05,0.0,0.0,0.0,0.0,ma_crossover
2020-02-06,0.0,0.0,0.0,0.0,ou_mean_reversion
2020-02-07,0.0,0.0,0.0,0.0,momentum_accel
2020-02-10,0.0,0.0,0.0,0.0,ma_crossover
2020-02-11,0.0,0.0,0.0,0.0,ou_mean_reversion
2020-02-12,0.0,0.0,0.0,0.0,momentum_accel
2020-02-13,0.0,0.0,0.0,0.0,ma_crossover
2020-02-14,0.0,0.0,0.0,0.0,ou_mean_reversion
2020-02-18,0.0,0.0,0.0,0.0,momentum_accel
2020-02-19,0.0,0.0,0.0,0.0,ma_crossover
2020-02-20,0.0,0.0,0.0,0.0,ou_mean_reversion
2020-02-21,0.0,0.0,0.0,0.0,momentum_accel
2020-02-24,0.0,0.0,0.0,0.0,ma_crossover
2020-02-25,0.0,0.0,0.0,0.0,ou_mean_reversion
2020-02-26,0.0,0.0,0.0,0.0,momentum_accel
2020-02-27,0.0,0.0,0.0,0.0,ma_crossover
2020-02-28,0.0,0.0,0.0,0.0,ou_mean_reversion
2020-03-02,0.0,0.0,0.0,0.0,momentum_accel
2020-03-03,0.0,0.0,0.0,0.0,ma_crossover
2020-03-04,0.0,0.0,0.0,0.0,ou_mean_reversion
2020-03-05,0.0,0.0,0.0,0.0,momentum_accel
2020-03-06,0.0,0.0,0.0,0.0,ma_crossover
2020-03-09,0.0,0.0,0.0,0.0,ou_mean_reversion
2020-03-10,0.0,0.0,0.0,0.0,momentum_accel
2020-03-11,0.0,0.0,0.0,0.0,ma_crossover
2020-03-12,0.0,0.0,0.0,0.0,ou_mean_reversion
2020-03-13,0.0,0.0,0.0,0.0,momentum_accel
2020-03-16,0.0,0.0,0.0,0.0,ma_crossover
2020-03-17,0.0,0.0,0.0,0.0,ou_mean_reversion
2020-03-18,0.0,-0.05063295641609056,0.0,0.0,momentum_accel
2020-03-19,0.0,0.0021250734312330266,0.0,0.0,ma_crossover
2020-03-20,0.0,-0.04309426522608639,0.0,-0.04309426522608639,ou_mean_reversion
2020-03-23,0.0,-0.025568081923431296,0.0,0.0,momentum_accel
2020-03-24,0.0,0.09060325369500655,0.0,0.0,ma_crossover
2020-03-25,0.0,0.014970055192279785,0.0,0.0,momentum_accel
2020-03-26,0.0,0.05839011241658443,0.0,0.05839011241658443,ou_mean_reversion
2020-03-27,0.0,-0.029785868871591514,0.0,-0.029785868871591514,ou_mean_reversion
2020-03-30,0.0,0.03247571394310067,0.0,0.0,ma_crossover
2020-03-31,0.0,-0.014905349229521692,0.0,0.0,momentum_accel
2020-04-01,0.0,-0.04500484741775035,0.0,0.0,ma_crossover
2020-04-02,0.0,0.023075423353761337,0.0,0.0,momentum_accel
2020-04-03,0.0,-0.01445426799789229,0.0,-0.01445426799789229,ou_mean_reversion
2020-04-06,0.0,0.06716633389271953,0.0,0.0,ma_crossover
2020-04-07,0.0,0.001019335052704573,0.0,0.0,momentum_accel
2020-04-08,0.0,0.03356821369688401,0.0,0.03356821369688401,ou_mean_reversion
2020-04-09,0.0,0.015217733539657274,0.0,0.015217733539657274,ou_mean_reversion
2020-04-13,0.0,-0.00913029016128264,0.0,0.0,ma_crossover
2020-04-14,0.0,0.029492883489215416,0.0,0.0,momentum_accel
2020-04-15,0.0,-0.021247881371942445,0.0,-0.021247881371942445,ou_mean_reversion
2020-04-16,0.0,0.004823912301664457,0.0,0.0,ma_crossover
2020-04-17,0.0,0.027015776887937326,0.0,0.0,momentum_accel
2020-04-20,0.0,-0.01761814123804617,0.0,0.0,ma_crossover
2020-04-21,0.0,0.0,0.0,0.0,momentum_accel
2020-04-22,0.0,0.0,0.0,0.0,ou_mean_reversion
2020-04-23,0.0,0.0,0.0,0.0,ma_crossover
2020-04-24,0.0,0.0,0.0,0.0,momentum_accel
2020-04-27,0.0,0.0,0.0,0.0,ou_mean_reversion
2020-04-28,0.0,0.0,0.0,0.0,ma_crossover
2020-04-29,0.0,0.0,0.0,0.0,momentum_accel
2020-04-30,0.0,0.0,0.0,0.0,ou_mean_reversion
2020-05-01,0.0,0.0,0.0,0.0,ma_crossover
2020-05-04,0.0027582193980062453,0.0,0.0,0.0,momentum_accel
2020-05-05,0.009239295224233945,0.0,0.0,0.0,ou_mean_reversion
2020-05-06,-0.006778633174300386,0.0,0.0,-0.006778633174300386,ma_crossover
2020-05-07,0.012066771354795947,0.0,0.0,0.0,momentum_accel
2020-05-08,0.016546061221724306,0.0,0.0,0.0,ou_mean_reversion
2020-05-11,0.00020536979745999773,0.0,0.0,0.0,momentum_accel
2020-05-12,-0.01993138163423558,0.0,0.0,0.0,ou_mean_reversion
2020-05-13,-0.017685937661434448,0.0,0.0,-0.017685937661434448,ma_crossover
2020-05-14,0.011967283522896333,0.0,0.0,0.0,momentum_accel
2020-05-15,0.00459660290110353,0.0,0.0,0.0,ou_mean_reversion
2020-05-18,0.030459858513728122,0.0,0.0,0.030459858513728122,ma_crossover
2020-05-19,-0.01027118450024811,0.0,0.0,-0.01027118450024811,ma_crossover
2020-05-20,0.01698808389286066,0.0,0.0,0.0,momentum_accel
2020-05-21,-0.00690374628221091,0.0,0.0,0.0,ou_mean_reversion
2020-05-22,0.0018984908630690356,0.0,0.0,0.0,momentum_accel
2020-05-26,0.012320897607087655,0.0,0.0,0.0,ou_mean_reversion
2020-05-27,0.014878669188011617,0.0,0.0,0.014878669188011617,ma_crossover
2020-05-28,-0.0018444978172212911,0.0,0.0,-0.0018444978172212911,ma_crossover
2020-05-29,0.004455738055081149,0.0,0.0,0.0,momentum_accel
2020-06-01,0.004041702536847325,0.0,0.0,0.0,ou_mean_reversion
2020-06-02,0.008280147594152298,0.0,0.0,0.008280147594152298,ma_crossover
2020-06-03,0.013308097364925775,0.0,0.0,0.0,momentum_accel
2020-06-04,-0.002626557523218609,0.0,0.0,0.0,ou_mean_reversion
2020-06-05,0.025629642421281407,0.0,0.0,0.025629642421281407,ma_crossover
2020-06-08,0.012087294013179761,0.0,0.0,0.0,momentum_accel
2020-06-09,-0.007456626620938267,0.0,0.0,0.0,ou_mean_reversion
2020-06-10,-0.005579964351709155,0.0,0.0,-0.005579964351709155,ma_crossover
2020-06-11,-0.05764870294091917,0.0,0.0,0.0,momentum_accel
2020-06-12,0.01197550645326051,0.0,0.0,0.0,ou_mean_reversion
2020-06-15,0.009335300607143937,0.0,0.0,0.009335300607143937,ma_crossover
2020-06-16,0.019247745744275013,0.0,0.0,0.0,momentum_accel
2020-06-17,-0.004153341011662204,0.0,0.0,0.0,ou_mean_reversion
2020-06-18,0.0003846655996355697,0.0,0.0,0.0003846655996355697,ma_crossover
2020-06-19,-0.005714563631293856,0.0,0.0,0.0,momentum_accel
2020-06-22,0.0064145955569618884,0.0,0.0,0.0,ou_mean_reversion
2020-06-23,0.004604043259599511,0.0,0.0,0.004604043259599511,ma_crossover
2020-06-24,-0.025508776941031486,0.0,0.0,0.0,momentum_accel
2020-06-25,0.010720593786037957,0.0,0.0,0.0,ou_mean_reversion
2020-06-26,-0.023751611559694963,0.0,0.0,-0.023751611559694963,ma_crossover
2020-06-29,0.014697701091303195,0.0,0.0,0.0,momentum_accel
2020-06-30,0.012809473681576922,0.0,0.0,0.0,ou_mean_reversion
2020-07-01,0.00700472918369166,0.0,0.0,0.00700472918369166,ma_crossover
2020-07-02,0.005507097667571514,0.0,0.0,0.0,momentum_accel
2020-07-06,0.0,0.0,0.0,0.0,ou_mean_reversion
2020-07-07,0.0,0.0,0.0,0.0,ma_crossover
2020-07-08,0.0,0.0,0.0,0.0,momentum_accel
2020-07-09,0.0,0.0,0.0,0.0,ou_mean_reversion
2020-07-10,0.0,0.0,0.0,0.0,ma_crossover
2020-07-13,0.0,0.0,0.0,0.0,momentum_accel
2020-07-14,0.0,0.0,0.0,0.0,ou_mean_reversion
2020-07-15,0.0,0.0,0.0,0.0,ma_crossover
2020-07-16,0.0,0.0,0.0,0.0,momentum_accel
2020-07-17,0.0,0.0,0.0,0.0,ou_mean_reversion
2020-07-20,0.0,0.0,0.0,0.0,ma_crossover
2020-07-21,0.0,0.0,0.0,0.0,momentum_accel
2020-07-22,0.0,0.0,0.0,0.0,ou_mean_reversion
2020-07-23,0.0,0.0,0.0,0.0,ma_crossover
2020-07-24,0.0,0.0,0.0,0.0,momentum_accel
2020-07-27,0.0,0.0,0.0,0.0,ou_mean_reversion
2020-07-28,0.0,0.0,0.0,0.0,ma_crossover
2020-07-29,0.0,0.0,0.0,0.0,momentum_accel
2020-07-30,0.0,0.0,0.0,0.0,ou_mean_reversion
2020-07-31,0.0,0.0,0.0,0.0,ma_crossover
2020-08-03,0.0,0.0,0.0,0.0,momentum_accel
2020-08-04,0.0,0.0,0.0,0.0,ou_mean_reversion
2020-08-05,0.0,0.0,0.0,0.0,ma_crossover
2020-08-06,0.0,0.0,0.0,0.0,momentum_accel
2020-08-07,0.0,0.0,0.0,0.0,ou_mean_reversion
2020-08-10,0.0,0.0,0.0,0.0,ma_crossover
2020-08-11,0.0,0.0,0.0,0.0,momentum_accel
2020-08-12,0.0,0.0,0.0,0.0,ou_mean_reversion
2020-08-13,0.0,0.0,0.0,0.0,ma_crossover
2020-08-14,0.0,0.0,0.0,0.0,momentum_accel
2020-08-17,0.0,0.0,0.0,0.0,ou_mean_reversion
2020-08-18,0.0,0.0,0.0,0.0,ma_crossover
2020-08-19,0.0,0.0,0.0,0.0,momentum_accel
2020-08-20,0.0,0.0,0.0,0.0,ou_mean_reversion
2020-08-21,0.0,0.0,0.0,0.0,ma_crossover
2020-08-24,0.0,0.0,0.0,0.0,momentum_accel
2020-08-25,0.0,0.0,0.0,0.0,ou_mean_reversion
2020-08-26,0.0,0.0,0.0,0.0,ma_crossover
2020-08-27,0.0,0.0,0.0,0.0,momentum_accel
2020-08-28,0.0,0.0,0.0,0.0,ou_mean_reversion
2020-08-31,0.0,0.0,0.0,0.0,ma_crossover
2020-09-01,0.0,0.0,0.0,0.0,momentum_accel
2020-09-02,0.0,0.0,0.0,0.0,ou_mean_reversion
2020-09-03,0.0,0.0,0.0,0.0,ma_crossover
2020-09-04,0.0,0.0,0.0,0.0,momentum_accel
2020-09-08,0.0,0.0,0.0,0.0,ou_mean_reversion
2020-09-09,0.0,0.0,0.0,0.0,ma_crossover
2020-09-10,0.0,0.0,0.0,0.0,momentum_accel
2020-09-11,0.0,0.0,0.0,0.0,ou_mean_reversion
2020-09-14,0.0,0.0,0.0,0.0,ma_crossover
2020-09-15,0.0,0.0,0.0,0.0,momentum_accel
2020-09-16,-0.003968720790124891,0.0,0.0,0.0,ou_mean_reversion
2020-09-17,-0.008795239728713544,0.0,0.0,-0.008795239728713544,ma_crossover
2020-09-18,-0.011512868929071551,0.0,0.0,0.0,momentum_accel
2020-09-21,-0.011129236788977814,0.0,0.0,0.0,ou_mean_reversion
2020-09-22,0.010184197985206866,0.0,0.0,0.010184197985206866,ma_crossover
2020-09-23,-0.023190769495349706,0.0,0.0,0.0,momentum_accel
2020-09-24,0.0026652897900592,0.0,0.0,0.0,ou_mean_reversion
2020-09-25,0.016167126717057778,0.0,0.0,0.016167126717057778,ma_crossover
2020-09-28,0.016609230501989147,0.0,0.0,0.0,momentum_accel
2020-09-29,-0.005446088002468263,0.0,0.0,0.0,ou_mean_reversion
2020-09-30,0.007582113218528308,0.0,0.0,0.007582113218528308,ma_crossover
2020-10-01,0.006419979710127421,0.0,0.0,0.0,momentum_accel
2020-10-02,-0.009494555300992857,0.0,0.0,0.0,ou_mean_reversion
2020-10-05,0.0,0.0,0.0,0.0,ma_crossover
2020-10-06,0.0,0.0,0.0,0.0,momentum_accel
2020-10-07,0.0,0.0,0.0,0.0,ou_mean_reversion
2020-10-08,0.0,0.0,0.0,0.0,ma_crossover
2020-10-09,0.0,0.0,0.0,0.0,momentum_accel
2020-10-12,0.0,0.0,0.0,0.0,ou_mean_reversion
2020-10-13,0.0,0.0,0.0,0.0,ma_crossover
2020-10-14,0.0,0.0,0.0,0.0,momentum_accel
2020-10-15,0.0,0.0,0.0,0.0,ou_mean_reversion
2020-10-16,0.0,0.0,0.0,0.0,ma_crossover
2020-10-19,0.0,0.0,0.0,0.0,momentum_accel
2020-10-20,0.0,0.0,0.0,0.0,ou_mean_reversion
2020-10-21,0.0,0.0,0.0,0.0,ma_crossover
2020-10-22,0.005485018125869878,0.0,0.0,0.0,momentum_accel
2020-10-23,0.0033954066785351067,0.0,0.0,0.0,ou_mean_reversion
2020-10-26,-0.01847998998851763,0.0,0.0,-0.01847998998851763,ma_crossover
2020-10-27,-0.003447435580002378,0.0,0.0,0.0,momentum_accel
2020-10-28,-0.034178728532975544,0.0,0.0,0.0,ou_mean_reversion
2020-10-29,0.010163207939217767,0.0,0.0,0.010163207939217767,ma_crossover
2020-10-30,-0.010424614962239787,0.0,0.0,0.0,momentum_accel
2020-11-02,0.011208582142873125,0.0,0.0,0.0,ou_mean_reversion
2020-11-03,0.017655662431687702,0.0,0.0,0.017655662431687702,ma_crossover
2020-11-04,0.022349294947169307,0.0,0.0,0.0,momentum_accel
2020-11-05,0.019502751047247413,0.0,0.0,0.0,ou_mean_reversion
2020-11-06,-0.00022844614813799513,0.0,0.0,-0.00022844614813799513,ma_crossover
2020-11-09,0.012565721403667629,0.0,0.0,0.0,momentum_accel
2020-11-10,-0.0014665762659330506,0.0,0.0,0.0,ou_mean_reversion
2020-11-11,0.007428503493859262,0.0,0.0,0.007428503493859262,ma_crossover
2020-11-12,-0.009701139653045532,0.0,0.0,0.0,momentum_accel
2020-11-13,0.01384472094737621,0.0,0.0,0.0,ou_mean_reversion
2020-11-16,0.012482667291521476,0.0,0.0,0.012482667291521476,ma_crossover
2020-11-17,-0.005378477433375939,0.0,0.0,0.0,momentum_accel
2020-11-18,-0.012034911531412895,0.0,0.0,0.0,ou_mean_reversion
2020-11-19,0.004210220566682743,0.0,0.0,0.004210220566682743,ma_crossover
2020-11-20,-0.006847795285698455,0.0,0.0,0.0,momentum_accel
2020-11-23,0.005994593057810915,0.0,0.0,0.0,ou_mean_reversion
2020-11-24,0.01611351450101406,0.0,0.0,0.01611351450101406,ma_crossover
2020-11-25,-0.0015416156224425936,0.0,0.0,0.0,momentum_accel
2020-11-27,0.002785077042456452,0.0,0.0,0.0,ou_mean_reversion
2020-11-30,-0.004427099649392696,0.0,0.0,-0.004427099649392696,ma_crossover
2020-12-01,0.010937327140558173,0.0,0.0,0.0,momentum_accel
2020-12-02,0.0021036289300759847,0.0,0.0,0.0,ou_mean_reversion
2020-12-03,-0.00027238210177238376,0.0,0.0,-0.00027238210177238376,ma_crossover
2020-12-04,0.008617516550409876,0.0,0.0,0.0,momentum_accel
2020-12-07,-0.0020551246737395834,0.0,0.0,0.0,ou_mean_reversion
2020-12-08,0.0029262064219097716,0.0,0.0,0.0029262064219097716,ma_crossover
2020-12-09,-0.008968886685179922,0.0,0.0,0.0,momentum_accel
2020-12-10,-0.0003269303726286532,0.0,0.0,0.0,ou_mean_reversion
2020-12-11,-0.0011726968178396024,0.0,0.0,-0.0011726968178396024,ma_crossover
2020-12-14,-0.004477057700854714,0.0,0.0,0.0,momentum_accel
2020-12-15,0.013519486165742167,0.0,0.0,0.0,ou_mean_reversion
2020-12-16,0.001569144284256252,0.0,0.0,0.001569144284256252,ma_crossover
2020-12-17,0.005592139252748263,0.0,0.0,0.0,momentum_accel
2020-12-18,-0.003993012756950853,0.0,0.0,0.0,ou_mean_reversion
2020-12-21,-0.003575548550379559,0.0,0.0,-0.003575548550379559,ma_crossover
2020-12-22,-0.0016853658979868458,0.0,0.0,0.0,momentum_accel
2020-12-23,0.000898765017248726,0.0,0.0,0.0,ou_mean_reversion
2020-12-24,0.003890232110009828,0.0,0.0,0.003890232110009828,ma_crossover
2020-12-28,0.008591013381863855,0.0,0.0,0.0,momentum_accel
2020-12-29,-0.0019079419751576454,0.0,0.0,0.0,ou_mean_reversion
2020-12-30,0.0014268270592618926,0.0,0.0,0.0014268270592618926,ma_crossover
2020-12-31,0.005080992321771838,0.0,0.0,0.0,momentum_accel
2021-01-04,-0.013614280842500937,0.0,0.0,0.0,ou_mean_reversion
2021-01-05,0.006887663718040393,0.0,0.0,0.006887663718040393,ma_crossover
2021-01-06,0.005978535520117845,0.0,0.0,0.0,momentum_accel
2021-01-07,0.0,0.0,0.0,0.0,ou_mean_reversion
2021-01-08,0.0,0.0,0.0,0.0,ma_crossover
2021-01-11,0.0,0.0,0.0,0.0,momentum_accel
2021-01-12,0.0,0.0,0.0,0.0,ou_mean_reversion
2021-01-13,0.0,0.0,0.0,0.0,ma_crossover
2021-01-14,0.0,0.0,0.0,0.0,momentum_accel
2021-01-15,0.0,0.0,0.0,0.0,ou_mean_reversion
2021-01-19,0.0,0.0,0.0,0.0,ma_crossover
2021-01-20,0.0,0.0,0.0,0.0,momentum_accel
2021-01-21,0.0,0.0,0.0,0.0,ou_mean_reversion
2021-01-22,0.0,0.0,0.0,0.0,ma_crossover
2021-01-25,0.0,0.0,0.0,0.0,momentum_accel
2021-01-26,0.0,0.0,0.0,0.0,ou_mean_reversion
2021-01-27,0.0,0.0,0.0,0.0,ma_crossover
2021-01-28,0.0,0.0,0.0,0.0,momentum_accel
2021-01-29,0.0,0.0,0.0,0.0,ou_mean_reversion
2021-02-01,0.0,0.0,0.0,0.0,ma_crossover
2021-02-02,0.0,0.0,0.0,0.0,momentum_accel
2021-02-03,0.0,0.0,0.0,0.0,ou_mean_reversion
2021-02-04,0.0,0.0,0.0,0.0,ma_crossover
2021-02-05,0.0,0.0,0.0,0.0,momentum_accel
2021-02-08,0.0,0.0,0.0,0.0,ou_mean_reversion
2021-02-09,0.0,0.0,0.0,0.0,ma_crossover
2021-02-10,0.0,0.0,0.0,0.0,momentum_accel
2021-02-11,0.0,0.0,0.0,0.0,ou_mean_reversion
2021-02-12,0.0,0.0,0.0,0.0,ma_crossover
2021-02-16,0.0,0.0,0.0,0.0,momentum_accel
2021-02-17,0.0,0.0,0.0,0.0,ou_mean_reversion
2021-02-18,0.0,0.0,0.0,0.0,ma_crossover
2021-02-19,0.0,0.0,0.0,0.0,momentum_accel
2021-02-22,0.0,0.0,0.0,0.0,ou_mean_reversion
2021-02-23,0.0,0.0,0.0,0.0,ma_crossover
2021-02-24,0.0,0.0,0.0,0.0,momentum_accel
2021-02-25,0.0,0.0,0.0,0.0,ou_mean_reversion
2021-02-26,0.0,0.0,0.0,0.0,ma_crossover
2021-03-01,0.0,0.0,0.0,0.0,momentum_accel
2021-03-02,0.0,0.0,0.0,0.0,ou_mean_reversion
2021-03-03,0.0,0.0,0.0,0.0,ma_crossover
2021-03-04,0.0,0.0,0.0,0.0,momentum_accel
2021-03-05,0.0,0.0,0.0,0.0,ou_mean_reversion
2021-03-08,0.0,0.0,0.0,0.0,ma_crossover
2021-03-09,0.0,0.0,0.0,0.0,momentum_accel
2021-03-10,0.0,0.0,0.0,0.0,ou_mean_reversion
2021-03-11,0.0,0.0,0.0,0.0,ma_crossover
2021-03-12,0.0,0.0,0.0,0.0,momentum_accel
2021-03-15,0.0,0.0,0.0,0.0,ou_mean_reversion
2021-03-16,0.0,0.0,0.0,0.0,ma_crossover
2021-03-17,0.0,0.0,0.0,0.0,momentum_accel
2021-03-18,-1.1102230246251565e-16,0.0,0.0,0.0,ou_mean_reversion
2021-03-19,-0.0018502419693914307,0.0,0.0,-0.0018502419693914307,ma_crossover
2021-03-22,0.00798494439724129,0.0,0.0,0.0,momentum_accel
2021-03-23,-0.00787081004909751,0.0,0.0,0.0,ou_mean_reversion
2021-03-24,-0.005083448177924832,0.0,0.0,-0.005083448177924832,ma_crossover
2021-03-25,0.005625467947945717,0.0,0.0,0.0,momentum_accel
2021-03-26,0.01611506546745356,0.0,0.0,0.0,ou_mean_reversion
2021-03-29,-0.0005051033708264319,0.0,0.0,-0.0005051033708264319,ma_crossover
2021-03-30,-0.002652844638952101,0.0,0.0,0.0,momentum_accel
2021-03-31,0.004053127354582298,0.0,0.0,0.0,ou_mean_reversion
2021-04-01,0.01079915844396373,0.0,0.0,0.01079915844396373,ma_crossover
2021-04-05,0.014353117368819168,0.0,0.0,0.0,momentum_accel
2021-04-06,-0.0005905932330851904,0.0,0.0,0.0,ou_mean_reversion
2021-04-07,0.0011572518562206202,0.0,0.0,0.0011572518562206202,ma_crossover
2021-04-08,0.0047468377254418215,0.0,0.0,0.0,momentum_accel
2021-04-09,0.007270037591074585,0.0,0.0,0.0,ou_mean_reversion
2021-04-12,0.00036458830745411674,0.0,0.0,0.00036458830745411674,ma_crossover
2021-04-13,0.0029639314195375466,0.0,0.0,0.0,momentum_accel
2021-04-14,-0.0034152360679793325,0.0,0.0,0.0,ou_mean_reversion
2021-04-15,0.010742459817461913,0.0,0.0,0.010742459817461913,ma_crossover
2021-04-16,0.0033422504412610188,0.0,0.0,0.0,momentum_accel
2021-04-19,-0.0049128411728289745,0.0,0.0,0.0,ou_mean_reversion
2021-04-20,-0.007321553228610056,0.0,0.0,-0.007321553228610056,ma_crossover
2021-04-21,0.0094619945762624,0.0,0.0,0.0,momentum_accel
2021-04-22,-0.009133103852046687,0.0,0.0,0.0,ou_mean_reversion
2021-04-23,0.010842578336160313,0.0,0.0,0.010842578336160313,ma_crossover
2021-04-26,0.0020874092458609272,0.0,0.0,0.0,momentum_accel
2021-04-27,-0.00021559400919657357,0.0,0.0,0.0,ou_mean_reversion
2021-04-28,-0.0002872084833892563,0.0,0.0,-0.0002872084833892563,ma_crossover
2021-04-29,0.006372707605105221,0.0,0.0,0.0,momentum_accel
2021-04-30,-0.006570582661674984,0.0,0.0,0.0,ou_mean_reversion
2021-05-03,0.0021569951712185897,0.0,0.0,0.0021569951712185897,ma_crossover
2021-05-04,-0.006169381255707762,0.0,0.0,0.0,momentum_accel
2021-05-05,0.0003125125688929753,0.0,0.0,0.0,ou_mean_reversion
2021-05-06,0.007985783474504515,0.0,0.0,0.007985783474504515,ma_crossover
2021-05-07,0.0072778318147344034,0.0,0.0,0.0,momentum_accel
2021-05-10,-0.009902148792672816,0.0,0.0,0.0,ou_mean_reversion
2021-05-11,-0.0089248429192329,0.0,0.0,-0.0089248429192329,ma_crossover
2021-05-12,-0.021245156420365285,0.0,0.0,0.0,momentum_accel
2021-05-13,0.012012514066892521,0.0,0.0,0.0,ou_mean_reversion
2021-05-14,0.015355404826705943,0.0,0.0,0.015355404826705943,ma_crossover
2021-05-17,-0.0025446357473731807,0.0,0.0,0.0,momentum_accel
2021-05-18,-0.008615613220012475,0.0,0.0,0.0,ou_mean_reversion
2021-05-19,-0.0026219462899672585,0.0,0.0,-0.0026219462899672585,ma_crossover
2021-05-20,0.010758047200801979,0.0,0.0,0.0,momentum_accel
2021-05-21,-0.0008187220404488604,0.0,0.0,0.0,ou_mean_reversion
2021-05-24,0.010194271663160226,0.0,0.0,0.010194271663160226,ma_crossover
2021-05-25,-0.00221873608002765,0.0,0.0,-0.00221873608002765,ma_crossover
2021-05-26,0.001984559670758834,0.0,0.0,0.0,momentum_accel
2021-05-27,0.0005248604630734288,0.0,0.0,0.0,ou_mean_reversion
2021-05-28,0.0017888741478784276,0.0,0.0,0.0,momentum_accel
2021-06-01,-0.0008807377997516186,0.0,0.0,0.0,ou_mean_reversion
2021-06-02,0.0015724076199608028,0.0,0.0,0.0015724076199608028,ma_crossover
2021-06-03,-0.0037111526139732565,0.0,0.0,-0.0037111526139732565,ma_crossover
2021-06-04,0.009145649688527824,0.0,0.0,0.0,momentum_accel
2021-06-07,-0.0009701678399421931,0.0,0.0,0.0,ou_mean_reversion
2021-06-08,0.0002131780131606753,0.0,0.0,0.0,momentum_accel
2021-06-09,-0.0014920052132186834,0.0,0.0,0.0,ou_mean_reversion
2021-06-10,0.004648472321835406,0.0,0.0,0.004648472321835406,ma_crossover
2021-06-11,0.001652476156567273,0.0,0.0,0.001652476156567273,ma_crossover
2021-06-14,0.0022389354359977354,0.0,0.0,0.0,momentum_accel
2021-06-15,-0.0018341030216338927,0.0,0.0,0.0,ou_mean_reversion
2021-06-16,-0.005583504809728357,0.0,0.0,-0.005583504809728357,ma_crossover
2021-06-17,-0.0003314844366377745,0.0,0.0,0.0,momentum_accel
2021-06-18,-0.013490268431601615,0.0,0.0,0.0,ou_mean_reversion
2021-06-21,0.014315690562399785,0.0,0.0,0.0,momentum_accel
2021-06-22,0.005346377784184675,0.0,0.0,0.005346377784184675,ma_crossover
2021-06-23,-0.0012054174776170434,0.0,0.0,0.0,ou_mean_reversion
2021-06-24,0.005915772259428076,0.0,0.0,0.005915772259428076,ma_crossover
2021-06-25,0.003552106229888663,0.0,0.0,0.0,momentum_accel
2021-06-28,0.002016021278590019,0.0,0.0,0.0,ou_mean_reversion
2021-06-29,0.0005380183146492801,0.0,0.0,0.0005380183146492801,ma_crossover
2021-06-30,0.000841335921950348,0.0,0.0,0.0,momentum_accel
2021-07-01,0.005536965126407889,0.0,0.0,0.0,ou_mean_reversion
2021-07-02,0.00764344802254735,0.0,0.0,0.00764344802254735,ma_crossover
2021-07-06,0.0,0.0,0.0,0.0,momentum_accel
2021-07-07,0.0,0.0,0.0,0.0,ou_mean_reversion
2021-07-08,0.0,0.0,0.0,0.0,ma_crossover
2021-07-09,0.0,0.0,0.0,0.0,momentum_accel
2021-07-12,0.0,0.0,0.0,0.0,ou_mean_reversion
2021-07-13,0.0,0.0,0.0,0.0,ma_crossover
2021-07-14,0.0,0.0,0.0,0.0,momentum_accel
2021-07-15,0.0,0.0,0.0,0.0,ou_mean_reversion
2021-07-16,0.0,0.0,0.0,0.0,ma_crossover
2021-07-19,0.0,0.0,0.0,0.0,momentum_accel
2021-07-20,0.0,0.0,0.0,0.0,ou_mean_reversion
2021-07-21,0.0,0.0,0.0,0.0,ma_crossover
2021-07-22,0.0,0.0,0.0,0.0,momentum_accel
2021-07-23,0.0,0.0,0.0,0.0,ou_mean_reversion
2021-07-26,0.0,0.0,0.0,0.0,ma_crossover
2021-07-27,0.0,0.0,0.0,0.0,momentum_accel
2021-07-28,0.0,0.0,0.0,0.0,ou_mean_reversion
2021-07-29,0.0,0.0,0.0,0.0,ma_crossover
2021-07-30,0.0,0.0,0.0,0.0,momentum_accel
2021-08-02,0.0,0.0,0.0,0.0,ou_mean_reversion
2021-08-03,0.0,0.0,0.0,0.0,ma_crossover
2021-08-04,0.0,0.0,0.0,0.0,momentum_accel
2021-08-05,0.0,0.0,0.0,0.0,ou_mean_reversion
2021-08-06,0.0,0.0,0.0,0.0,ma_crossover
2021-08-09,0.0,0.0,0.0,0.0,momentum_accel
2021-08-10,0.0,0.0,0.0,0.0,ou_mean_reversion
2021-08-11,0.0,0.0,0.0,0.0,ma_crossover
2021-08-12,0.0,0.0,0.0,0.0,momentum_accel
2021-08-13,0.0,0.0,0.0,0.0,ou_mean_reversion
2021-08-16,0.0,0.0,0.0,0.0,ma_crossover
2021-08-17,0.0,0.0,0.0,0.0,momentum_accel
2021-08-18,0.0,0.0,0.0,0.0,ou_mean_reversion
2021-08-19,0.0,0.0,0.0,0.0,ma_crossover
2021-08-20,0.0,0.0,0.0,0.0,momentum_accel
2021-08-23,0.0,0.0,0.0,0.0,ou_mean_reversion
2021-08-24,0.0,0.0,0.0,0.0,ma_crossover
2021-08-25,0.0,0.0,0.0,0.0,momentum_accel
2021-08-26,0.0,0.0,0.0,0.0,ou_mean_reversion
2021-08-27,0.0,0.0,0.0,0.0,ma_crossover
2021-08-30,0.0,0.0,0.0,0.0,momentum_accel
2021-08-31,0.0,0.0,0.0,0.0,ou_mean_reversion
2021-09-01,0.0,0.0,0.0,0.0,ma_crossover
2021-09-02,0.0,0.0,0.0,0.0,momentum_accel
2021-09-03,0.0,0.0,0.0,0.0,ou_mean_reversion
2021-09-07,0.0,0.0,0.0,0.0,ma_crossover
2021-09-08,0.0,0.0,0.0,0.0,momentum_accel
2021-09-09,0.0,0.0,0.0,0.0,ou_mean_reversion
2021-09-10,0.0,0.0,0.0,0.0,ma_crossover
2021-09-13,0.0,0.0,0.0,0.0,momentum_accel
2021-09-14,0.0,0.0,0.0,0.0,ou_mean_reversion
2021-09-15,0.0,0.0,0.0,0.0,ma_crossover
2021-09-16,-0.0015853907928856659,0.0,0.0,0.0,momentum_accel
2021-09-17,-0.009741136527290806,0.0,0.0,0.0,ou_mean_reversion
2021-09-20,-0.016674069899279997,0.0,0.0,-0.016674069899279997,ma_crossover
2021-09-21,-0.000944626634220902,0.0,0.0,0.0,momentum_accel
2021-09-22,0.009754816652193243,0.009754816652193021,0.0,0.009754816652193021,ou_mean_reversion
2021-09-23,0.012150016296591293,0.012150016296591515,0.0,0.012150016296591293,ma_crossover
2021-09-24,0.0016472753185694522,0.0016472753185694522,0.0,0.0016472753185694522,ou_mean_reversion
2021-09-27,-0.002860942874911898,0.0,0.0,0.0,momentum_accel
2021-09-28,-0.020151935486854677,0.0,0.0,-0.020151935486854677,ma_crossover
2021-09-29,0.0016831299589541437,0.0,0.0,0.0,ou_mean_reversion
2021-09-30,-0.012222205827625121,-0.012222205827625121,0.0,0.0,momentum_accel
2021-10-01,0.011884187470778462,0.011884187470778462,0.0,0.011884187470778462,ou_mean_reversion
2021-10-04,-0.012896072650849355,-0.012896072650849466,0.0,-0.012896072650849355,ma_crossover
2021-10-05,0.0,0.010404723297705809,0.0,0.0,momentum_accel
2021-10-06,0.0,0.004156363779277195,0.0,0.004156363779277195,ou_mean_reversion
2021-10-07,0.0,0.008645700908335607,0.0,0.0,momentum_accel
2021-10-08,0.0,-0.0018238909042209706,0.0,0.0,ma_crossover
2021-10-11,0.0,-0.007239611769716547,0.0,-0.007239611769716547,ou_mean_reversion
2021-10-12,0.0,-0.0024617111633751243,0.0,0.0,momentum_accel
2021-10-13,0.0,0.0035977472752379835,0.0,0.0,ma_crossover
2021-10-14,0.0,0.016820509096909353,0.0,0.016820509096909353,ou_mean_reversion
2021-10-15,0.0,0.0076158605338321195,0.0,0.0,momentum_accel
2021-10-18,0.0,0.0,0.0,0.0,ma_crossover
2021-10-19,0.0,0.0,0.0,0.0,ou_mean_reversion
2021-10-20,0.0,0.0,0.0,0.0,momentum_accel
2021-10-21,0.0,0.0,0.0,0.0,ma_crossover
2021-10-22,0.0,0.0,0.0,0.0,ou_mean_reversion
2021-10-25,0.0,0.0,0.0,0.0,momentum_accel
2021-10-26,0.0,0.0,0.0,0.0,ma_crossover
2021-10-27,0.0,0.0,0.0,0.0,ou_mean_reversion
2021-10-28,0.0,0.0,0.0,0.0,momentum_accel
2021-10-29,0.0,0.0,0.0,0.0,ma_crossover
2021-11-01,0.0017202648567622436,0.0,0.0,0.0,ou_mean_reversion
2021-11-02,0.004042949796580597,0.0,0.0,0.0,momentum_accel
2021-11-03,0.006105331405791503,0.0,0.0,0.006105331405791503,ma_crossover
2021-11-04,0.004712630553599606,0.0,0.0,0.0,ou_mean_reversion
2021-11-05,0.0034695815116705386,0.0,0.0,0.0034695815116705386,ma_crossover
2021-11-08,0.0008536684214366375,0.0,0.0,0.0,momentum_accel
2021-11-09,-0.003305437062830152,0.0,0.0,0.0,ou_mean_reversion
2021-11-10,-0.008044671778306811,0.0,0.0,-0.008044671778306811,ma_crossover
2021-11-11,0.0003233937418389843,0.0,0.0,0.0,momentum_accel
2021-11-12,0.007546858433304271,0.0,0.0,0.0,ou_mean_reversion
2021-11-15,0.0003423465894065725,0.0,0.0,0.0,momentum_accel
2021-11-16,0.003958045068468197,0.0,0.0,0.003958045068468197,ma_crossover
2021-11-17,-0.00242941827251808,0.0,0.0,0.0,ou_mean_reversion
2021-11-18,0.0033964945399527213,0.0,0.0,0.0033964945399527213,ma_crossover
2021-11-19,-0.0017883031217886813,0.0,0.0,0.0,momentum_accel
2021-11-22,-0.0028152053680018385,0.0,0.0,0.0,ou_mean_reversion
2021-11-23,0.0013258544101879544,0.0,0.0,0.0013258544101879544,ma_crossover
2021-11-24,0.0026700493377729284,0.0,0.0,0.0,momentum_accel
2021-11-26,-0.022303115470663104,0.0,0.0,0.0,ou_mean_reversion
2021-11-29,0.012266602936410909,0.0,0.0,0.012266602936410909,ma_crossover
2021-11-30,-0.01945746819894867,0.0,0.0,0.0,momentum_accel
2021-12-01,-0.011107483490648495,0.0,0.0,0.0,ou_mean_reversion
2021-12-02,0.015316325973438571,0.0,0.0,0.015316325973438571,ma_crossover
2021-12-03,-0.008701303656075021,0.0,0.0,0.0,momentum_accel
2021-12-06,0.011843382255119606,0.0,0.0,0.011843382255119606,ma_crossover
2021-12-07,0.020684691596438265,0.0,0.0,0.0,ou_mean_reversion
2021-12-08,0.0026481724857678746,0.0,0.0,0.0,momentum_accel
2021-12-09,-0.0067516466421032595,0.0,0.0,-0.0067516466421032595,ma_crossover
2021-12-10,0.00941349147457804,0.0,0.0,0.0,ou_mean_reversion
2021-12-13,-0.008858301224558995,0.0,0.0,0.0,momentum_accel
2021-12-14,-0.006880172133781337,0.0,0.0,-0.006880172133781337,ma_crossover
2021-12-15,0.015625171403809368,0.0,0.0,0.0,ou_mean_reversion
2021-12-16,-0.008818488238281352,0.0,0.0,0.0,momentum_accel
2021-12-17,-0.010642852264473368,0.0,0.0,-0.010642852264473368,ma_crossover
2021-12-20,-0.010633446704367722,0.0,0.0,0.0,ou_mean_reversion
2021-12-21,0.017758895402271158,0.0,0.0,0.0,momentum_accel
2021-12-22,0.009998637911105224,0.0,0.0,0.0,ou_mean_reversion
2021-12-23,0.00622227556866739,0.0,0.0,0.00622227556866739,ma_crossover
2021-12-27,0.014152034467593388,0.0,0.0,0.0,momentum_accel
2021-12-28,-0.0008172054845266841,0.0,0.0,0.0,ou_mean_reversion
2021-12-29,0.0012792091040347842,0.0,0.0,0.0012792091040347842,ma_crossover
2021-12-30,-0.002764542717488272,0.0,0.0,0.0,momentum_accel
2021-12-31,-0.0025200215111559343,0.0,0.0,0.0,ou_mean_reversion
2022-01-03,0.005789913847719763,0.0,0.0,0.005789913847719763,ma_crossover
2022-01-04,-0.0003350431950246424,0.0,0.0,0.0,momentum_accel
2022-01-05,-0.019202092137812654,0.0,0.0,-0.019202092137812654,ma_crossover
2022-01-06,-0.0009395327986617685,0.0,0.0,0.0,ou_mean_reversion
2022-01-07,0.0,0.0,0.0,0.0,momentum_accel
2022-01-10,0.0,0.0,0.0,0.0,ou_mean_reversion
2022-01-11,0.0,0.0,0.0,0.0,ma_crossover
2022-01-12,0.0,0.0,0.0,0.0,momentum_accel
2022-01-13,0.0,0.0,0.0,0.0,ou_mean_reversion
2022-01-14,0.0,0.0,0.0,0.0,ma_crossover
2022-01-18,0.0,0.0,0.0,0.0,momentum_accel
2022-01-19,0.0,0.0,0.0,0.0,ou_mean_reversion
2022-01-20,0.0,0.0,0.0,0.0,ma_crossover
2022-01-21,0.0,0.0,0.0,0.0,momentum_accel
2022-01-24,0.0,0.0,0.0,0.0,ou_mean_reversion
2022-01-25,0.0,0.0,0.0,0.0,ma_crossover
2022-01-26,0.0,0.0,0.0,0.0,momentum_accel
2022-01-27,0.0,0.0,0.0,0.0,ou_mean_reversion
2022-01-28,0.0,0.0,0.0,0.0,ma_crossover
2022-01-31,0.0,0.0,0.0,0.0,momentum_accel
2022-02-01,0.0,0.0,0.0,0.0,ou_mean_reversion
2022-02-02,0.0,0.0,0.0,0.0,ma_crossover
2022-02-03,0.0,0.0,0.0,0.0,momentum_accel
2022-02-04,0.0,0.0,0.0,0.0,ou_mean_reversion
2022-02-07,0.0,0.0,0.0,0.0,ma_crossover
2022-02-08,0.0,0.0,0.0,0.0,momentum_accel
2022-02-09,0.0,0.0,0.0,0.0,ou_mean_reversion
2022-02-10,0.0,0.0,0.0,0.0,ma_crossover
2022-02-11,0.0,0.0,0.0,0.0,momentum_accel
2022-02-14,0.0,0.0,0.0,0.0,ou_mean_reversion
2022-02-15,0.0,0.0,0.0,0.0,ma_crossover
2022-02-16,0.0,0.0,0.0,0.0,momentum_accel
2022-02-17,0.0,0.0,0.0,0.0,ou_mean_reversion
2022-02-18,0.0,0.0,0.0,0.0,ma_crossover
2022-02-22,0.0,0.0,0.0,0.0,momentum_accel
2022-02-23,0.0,0.0,0.0,0.0,ou_mean_reversion
2022-02-24,0.0,0.0,0.0,0.0,ma_crossover
2022-02-25,0.0,0.0,0.0,0.0,momentum_accel
2022-02-28,0.0,0.0,0.0,0.0,ou_mean_reversion
2022-03-01,0.0,0.0,0.0,0.0,ma_crossover
2022-03-02,0.0,0.0,0.0,0.0,momentum_accel
2022-03-03,0.0,0.0,0.0,0.0,ou_mean_reversion
2022-03-04,0.0,0.0,0.0,0.0,ma_crossover
2022-03-07,0.0,0.0,0.0,0.0,momentum_accel
2022-03-08,0.0,0.0,0.0,0.0,ou_mean_reversion
2022-03-09,0.0,0.0,0.0,0.0,ma_crossover
2022-03-10,0.0,0.0,0.0,0.0,momentum_accel
2022-03-11,0.0,0.0,0.0,0.0,ou_mean_reversion
2022-03-14,0.0,0.0,0.0,0.0,ma_crossover
2022-03-15,0.0,0.0,0.0,0.0,momentum_accel
2022-03-16,0.0,0.0,0.0,0.0,ou_mean_reversion
2022-03-17,0.0,0.0,0.0,0.0,ma_crossover
2022-03-18,0.0,0.0,0.0,0.0,momentum_accel
2022-03-21,0.0,0.0,0.0,0.0,ou_mean_reversion
2022-03-22,0.0,0.0,0.0,0.0,ma_crossover
2022-03-23,0.0,0.0,0.0,0.0,momentum_accel
2022-03-24,0.0,0.0,0.0,0.0,ou_mean_reversion
2022-03-25,0.0,0.0,0.0,0.0,ma_crossover
2022-03-28,0.0,0.0,0.0,0.0,momentum_accel
2022-03-29,0.0,0.0,0.0,0.0,ou_mean_reversion
2022-03-30,0.0,0.0,0.0,0.0,ma_crossover
2022-03-31,0.0,0.0,0.0,0.0,momentum_accel
2022-04-01,0.0,0.0,0.0,0.0,ou_mean_reversion
2022-04-04,0.0,0.0,0.0,0.0,ma_crossover
2022-04-05,-0.01263114745661742,0.0,0.0,0.0,momentum_accel
2022-04-06,-0.009999424537823987,0.0,0.0,0.0,ou_mean_reversion
2022-04-07,0.005039010954258183,0.0,0.0,0.005039010954258183,ma_crossover
2022-04-08,-0.002674074648479463,0.0,0.0,0.0,momentum_accel
2022-04-11,-0.017092286923579114,0.0,0.0,0.0,ou_mean_reversion
2022-04-12,-0.0037051277186747056,0.0,0.0,-0.0037051277186747056,ma_crossover
2022-04-13,0.011453548852179196,0.0,0.0,0.0,momentum_accel
2022-04-14,-0.012451650433071948,0.0,0.0,0.0,ou_mean_reversion
2022-04-18,0.0004109655362902753,0.0,0.0,0.0004109655362902753,ma_crossover
2022-04-19,0.01614268055210899,0.0,0.0,0.0,momentum_accel
2022-04-20,-0.0007414761142595649,0.0,0.0,0.0,ou_mean_reversion
2022-04-21,-0.014953565859596396,0.0,0.0,-0.014953565859596396,ma_crossover
2022-04-22,-0.027439164067356026,0.0,0.0,0.0,momentum_accel
2022-04-25,0.005797450679629446,0.0,0.0,0.0,ou_mean_reversion
2022-04-26,-0.02896067553171977,-0.02896067553171988,0.0,-0.02896067553171977,ma_crossover
2022-04-27,0.002811835649835004,0.002811835649835004,0.0,0.0,momentum_accel
2022-04-28,0.02525937976385917,0.02525937976385917,0.0,0.02525937976385917,ou_mean_reversion
2022-04-29,-0.03695563184584394,-0.03695563184584405,0.0,0.0,momentum_accel
2022-05-02,0.00601944827711276,0.00601944827711276,0.0,0.00601944827711276,ma_crossover
2022-05-03,0.00458404602986473,0.004584046029864508,0.0,0.004584046029864508,ou_mean_reversion
2022-05-04,0.0,0.03045288634571275,0.0,0.0,momentum_accel
2022-05-05,0.0,-0.03554276067962592,0.0,0.0,ma_crossover
2022-05-06,0.0,-0.00596902517496789,0.0,-0.00596902517496789,ou_mean_reversion
2022-05-09,0.0,-0.032017077192333376,0.0,0.0,momentum_accel
2022-05-10,0.0,0.002310505473590574,0.0,0.0,ma_crossover
2022-05-11,0.0,-0.015886267073591975,0.0,-0.015886267073591975,ou_mean_reversion
2022-05-12,0.0,-0.0010439380147512223,0.0,0.0,momentum_accel
2022-05-13,0.0,0.023908029582040413,0.0,0.0,ma_crossover
2022-05-16,0.0,-0.004057611827235075,0.0,-0.004057611827235075,ou_mean_reversion
2022-05-17,0.0,0.02057039932961846,0.0,0.0,momentum_accel
2022-05-18,0.0,-0.04031165226259459,0.0,0.0,ma_crossover
2022-05-19,0.0,-0.0061245355608745555,0.0,-0.0061245355608745555,ou_mean_reversion
2022-05-20,0.0,0.00043636384053269417,0.0,0.0,momentum_accel
2022-05-23,0.0,0.01871014313918229,0.0,0.0,ma_crossover
2022-05-24,0.0,-0.0076338364433261585,0.0,-0.0076338364433261585,ou_mean_reversion
2022-05-25,0.0,0.0088349719251275,0.0,0.0,momentum_accel
2022-05-26,0.0,0.019981466761338273,0.0,0.0,ma_crossover
2022-05-27,0.0,0.024549253085011546,0.0,0.024549253085011546,ou_mean_reversion
2022-05-31,0.0,-0.005611190967692914,0.0,0.0,momentum_accel
2022-06-01,0.0,-0.00808854782099866,0.0,0.0,ma_crossover
2022-06-02,0.0,0.019043513391653777,0.0,0.019043513391653777,ou_mean_reversion
2022-06-03,0.0,-0.016411553323188555,0.0,0.0,momentum_accel
2022-06-06,0.0,0.0030447528134966984,0.0,0.0,ma_crossover
2022-06-07,0.0,0.00959225983489409,0.0,0.00959225983489409,ou_mean_reversion
2022-06-08,0.0,-0.010872129932135488,0.0,0.0,momentum_accel
2022-06-09,0.0,-0.023782771506162148,0.0,0.0,ma_crossover
2022-06-10,0.0,-0.028995775076435137,0.0,-0.028995775076435137,ou_mean_reversion
2022-06-13,0.0,-0.037968251935648456,0.0,0.0,momentum_accel
2022-06-14,0.0,-0.003013405473178077,0.0,0.0,ma_crossover
2022-06-15,0.0,0.014256353708750336,0.0,0.014256353708750336,ou_mean_reversion
2022-06-16,0.0,-0.03309592335218792,0.0,0.0,momentum_accel
2022-06-17,0.0,0.002155624056722427,0.0,0.0,ma_crossover
2022-06-21,0.0,0.025173921952757805,0.0,0.025173921952757805,ou_mean_reversion
2022-06-22,0.0,-0.0018133350912836743,0.0,0.0,momentum_accel
2022-06-23,0.0,0.009802937896374209,0.0,0.0,ma_crossover
2022-06-24,0.0,0.03179377252337523,0.0,0.03179377252337523,ou_mean_reversion
2022-06-27,0.0,-0.003819690761815764,0.0,0.0,momentum_accel
2022-06-28,0.0,-0.02043298411392913,0.0,-0.02043298411392913,ou_mean_reversion
2022-06-29,0.0,-0.0008143786970616906,0.0,0.0,ma_crossover
2022-06-30,0.0,-0.008124070342351075,0.0,0.0,momentum_accel
2022-07-01,0.0,0.01057631049409058,0.0,0.0,ma_crossover
2022-07-05,0.0,0.0018885681775810959,0.0,0.0018885681775810959,ou_mean_reversion
2022-07-06,0.0,0.0033773867261392976,0.0,0.0,momentum_accel
2022-07-07,0.0,0.0,0.0,0.0,ma_crossover
2022-07-08,0.0,0.0,0.0,0.0,ou_mean_reversion
2022-07-11,0.0,0.0,0.0,0.0,momentum_accel
2022-07-12,0.0,0.0,0.0,0.0,ma_crossover
2022-07-13,0.0,0.0,0.0,0.0,ou_mean_reversion
2022-07-14,0.0,0.0,0.0,0.0,momentum_accel
2022-07-15,0.0,0.0,0.0,0.0,ma_crossover
2022-07-18,0.0,0.0,0.0,0.0,ou_mean_reversion
2022-07-19,0.0,0.0,0.0,0.0,momentum_accel
2022-07-20,0.0,0.0,0.0,0.0,ma_crossover
2022-07-21,0.0,0.0,0.0,0.0,ou_mean_reversion
2022-07-22,0.0,0.0,0.0,0.0,momentum_accel
2022-07-25,0.0,0.0,0.0,0.0,ma_crossover
2022-07-26,0.0,0.0,0.0,0.0,ou_mean_reversion
2022-07-27,0.0,0.0,0.0,0.0,momentum_accel
2022-07-28,0.0,0.0,0.0,0.0,ma_crossover
2022-07-29,0.0,0.0,0.0,0.0,ou_mean_reversion
2022-08-01,0.0,0.0,0.0,0.0,momentum_accel
2022-08-02,0.0,0.0,0.0,0.0,ma_crossover
2022-08-03,0.0,0.0,0.0,0.0,ou_mean_reversion
2022-08-04,0.0,0.0,0.0,0.0,momentum_accel
2022-08-05,0.0,0.0,0.0,0.0,ma_crossover
2022-08-08,0.0,0.0,0.0,0.0,ou_mean_reversion
2022-08-09,0.0,0.0,0.0,0.0,momentum_accel
2022-08-10,0.0,0.0,0.0,0.0,ma_crossover
2022-08-11,0.0,0.0,0.0,0.0,ou_mean_reversion
2022-08-12,0.0,0.0,0.0,0.0,momentum_accel
2022-08-15,0.0,0.0,0.0,0.0,ma_crossover
2022-08-16,0.0,0.0,0.0,0.0,ou_mean_reversion
2022-08-17,0.0,0.0,0.0,0.0,momentum_accel
2022-08-18,0.0,0.0,0.0,0.0,ma_crossover
2022-08-19,0.0,0.0,0.0,0.0,ou_mean_reversion
2022-08-22,0.0,0.0,0.0,0.0,momentum_accel
2022-08-23,0.0,0.0,0.0,0.0,ma_crossover
2022-08-24,0.0,0.0,0.0,0.0,ou_mean_reversion
2022-08-25,0.0,0.0,0.0,0.0,momentum_accel
2022-08-26,0.0,0.0,0.0,0.0,ma_crossover
2022-08-29,0.0,0.0,0.0,0.0,ou_mean_reversion
2022-08-30,0.0,0.0,0.0,0.0,momentum_accel
2022-08-31,0.0,0.0,0.0,0.0,ma_crossover
2022-09-01,0.0,0.0,0.0,0.0,ou_mean_reversion
2022-09-02,0.0,0.0,0.0,0.0,momentum_accel
2022-09-06,0.0,0.0,0.0,0.0,ma_crossover
2022-09-07,0.0,0.0,0.0,0.0,ou_mean_reversion
2022-09-08,0.0,0.0,0.0,0.0,ma_crossover
2022-09-09,0.0,0.0,0.0,0.0,momentum_accel
2022-09-12,0.0,0.0,0.0,0.0,ou_mean_reversion
2022-09-13,0.0,0.0,0.0,0.0,ma_crossover
2022-09-14,0.0,0.0,0.0,0.0,momentum_accel
2022-09-15,0.0,0.0,0.0,0.0,ou_mean_reversion
2022-09-16,0.0,-0.0076287483654072785,0.0,0.0,ma_crossover
2022-09-19,0.0,0.0077547266999180575,0.0,0.0,momentum_accel
2022-09-20,0.0,-0.011478474198012734,0.0,-0.011478474198012734,ou_mean_reversion
2022-09-21,0.0,-0.01744367083086784,0.0,0.0,ma_crossover
2022-09-22,0.0,-0.008399916335459334,0.0,0.0,momentum_accel
2022-09-23,0.0,-0.01675464919967018,0.0,-0.01675464919967018,ou_mean_reversion
2022-09-26,0.0,-0.009892964254887837,0.0,0.0,ma_crossover
2022-09-27,0.0,-0.0025526024499857858,0.0,0.0,momentum_accel
2022-09-28,0.0,0.019676410477848405,0.0,0.019676410477848405,ou_mean_reversion
2022-09-29,0.0,-0.020889007212400612,0.0,0.0,ma_crossover
2022-09-30,0.0,-0.01546355908633934,0.0,0.0,momentum_accel
2022-10-03,0.0,0.026401396373839647,0.0,0.026401396373839647,ou_mean_reversion
2022-10-04,0.0,0.03098659405072479,0.0,0.0,ma_crossover
2022-10-05,0.0,-0.002328295093043886,0.0,-0.002328295093043886,ou_mean_reversion
2022-10-06,0.0,-0.010315921555764773,0.0,0.0,momentum_accel
2022-10-07,0.0,-0.027893799453305612,0.0,0.0,ma_crossover
2022-10-10,0.0,-0.007635473501638068,0.0,0.0,momentum_accel
2022-10-11,0.0,-0.006332729170262064,0.0,-0.006332729170262064,ou_mean_reversion
2022-10-12,0.0,-0.003298607613077764,0.0,0.0,ma_crossover
2022-10-13,0.0,0.026391042315863533,0.0,0.0,momentum_accel
2022-10-14,0.0,-0.02278860420753681,0.0,-0.02278860420753681,ou_mean_reversion
2022-10-17,0.0,0.025696833388131335,0.0,0.0,ma_crossover
2022-10-18,0.0,0.011749542714091898,0.0,0.0,momentum_accel
2022-10-19,0.0,-0.007086378156423989,0.0,-0.007086378156423989,ou_mean_reversion
2022-10-20,0.0,-0.008385240729903654,0.0,0.0,ma_crossover
2022-10-21,0.0,0.024301441564214876,0.0,0.0,momentum_accel
2022-10-24,0.0,0.012236430913274754,0.0,0.012236430913274754,ou_mean_reversion
2022-10-25,0.0,0.015968511485321857,0.0,0.0,ma_crossover
2022-10-26,0.0,-0.00753396594201583,0.0,0.0,momentum_accel
2022-10-27,0.0,-0.0053399745386075725,0.0,-0.0053399745386075725,ou_mean_reversion
2022-10-28,0.0,0.0237904668923401,0.0,0.0,ma_crossover
2022-10-31,0.0,-0.0072231256765571406,0.0,0.0,momentum_accel
2022-11-01,0.0,0.0,0.0,0.0,ou_mean_reversion
2022-11-02,0.0,0.0,0.0,0.0,ma_crossover
2022-11-03,0.0,0.0,0.0,0.0,momentum_accel
2022-11-04,0.0,0.0,0.0,0.0,ou_mean_reversion
2022-11-07,0.0,0.009565552384890541,0.0,0.0,ma_crossover
2022-11-08,0.0,0.005395425140703569,0.0,0.0,momentum_accel
2022-11-09,0.0,0.0,0.0,0.0,ou_mean_reversion
2022-11-10,0.0,0.0,0.0,0.0,ma_crossover
2022-11-11,0.0,0.0,0.0,0.0,momentum_accel
2022-11-14,0.0,0.0,0.0,0.0,ou_mean_reversion
2022-11-15,0.0,0.0,0.0,0.0,ma_crossover
2022-11-16,0.0,0.0,0.0,0.0,momentum_accel
2022-11-17,0.0,0.0,0.0,0.0,ou_mean_reversion
2022-11-18,0.0,0.0,0.0,0.0,ma_crossover
2022-11-21,0.0,0.0,0.0,0.0,momentum_accel
2022-11-22,0.0,0.0,0.0,0.0,ou_mean_reversion
2022-11-23,0.0,0.0,0.0,0.0,ma_crossover
2022-11-25,0.0,0.0,0.0,0.0,momentum_accel
2022-11-28,-0.015957006601870383,0.0,0.0,0.0,ou_mean_reversion
2022-11-29,-0.0017175430007965176,0.0,0.0,-0.0017175430007965176,ma_crossover
2022-11-30,0.031500583182893394,0.0,0.0,0.0,momentum_accel
2022-12-01,-0.0007356813595686962,0.0,0.0,0.0,ou_mean_reversion
2022-12-02,-0.0011538126705348262,0.0,0.0,-0.0011538126705348262,ma_crossover
2022-12-05,-0.017989325759665165,0.0,0.0,0.0,momentum_accel
2022-12-06,-0.01441458281599084,0.0,0.0,0.0,ou_mean_reversion
2022-12-07,-0.0017015095096989397,0.0,0.0,-0.0017015095096989397,ma_crossover
2022-12-08,0.00783407028045846,0.0,0.0,0.0,momentum_accel
2022-12-09,-0.007470051939685751,0.0,0.0,0.0,ou_mean_reversion
2022-12-12,0.014417167117905194,0.0,0.0,0.014417167117905194,ma_crossover
2022-12-13,0.00756968012513215,0.0,0.0,0.0,momentum_accel
2022-12-14,-0.006393454225109951,0.0,0.0,0.0,ou_mean_reversion
2022-12-15,-0.024461612552306056,0.0,0.0,-0.024461612552306056,ma_crossover
2022-12-16,-0.011806243817966244,0.0,0.0,0.0,momentum_accel
2022-12-19,-0.008479586949721729,0.0,0.0,0.0,ou_mean_reversion
2022-12-20,0.001368487217299208,0.0,0.0,0.0,momentum_accel
2022-12-21,0.014952280196364631,0.0,0.0,0.014952280196364631,ma_crossover
2022-12-22,-0.014266023188415855,0.0,0.0,0.0,ou_mean_reversion
2022-12-23,0.0057521546083583175,0.0,0.0,0.0057521546083583175,ma_crossover
2022-12-27,0.0,0.0,0.0,0.0,momentum_accel
2022-12-28,0.0,0.0,0.0,0.0,ou_mean_reversion
2022-12-29,0.0,0.0,0.0,0.0,ma_crossover
2022-12-30,0.0,-0.0026340724148038452,0.0,0.0,momentum_accel
2023-01-03,0.0,-0.004209757512463552,0.0,-0.004209757512463552,ou_mean_reversion
2023-01-04,0.0,0.007720324315645399,0.0,0.0,ma_crossover
2023-01-05,0.0,-0.011413506614326274,0.0,0.0,momentum_accel
2023-01-06,0.0,0.02293223100639663,0.02293223100639663,0.02293223100639663,ou_mean_reversion
2023-01-09,0.0,0.0,0.0,0.0,ma_crossover
2023-01-10,0.0,0.0,0.0,0.0,momentum_accel
2023-01-11,0.0,0.0,0.0,0.0,ou_mean_reversion
2023-01-12,0.0,0.0,0.0,0.0,ma_crossover
2023-01-13,0.0,0.0,0.0,0.0,momentum_accel
2023-01-17,0.0,0.0,0.0,0.0,ou_mean_reversion
2023-01-18,0.0,0.0,0.0,0.0,ma_crossover
2023-01-19,0.0,0.0,0.0,0.0,momentum_accel
2023-01-20,0.0,0.0,0.0,0.0,ou_mean_reversion
2023-01-23,0.0,0.0,0.0,0.0,ma_crossover
2023-01-24,0.0,0.0,0.0,0.0,momentum_accel
2023-01-25,0.0,0.0,0.0,0.0,ou_mean_reversion
2023-01-26,0.0,0.0,0.0,0.0,ma_crossover
2023-01-27,0.0,0.0,0.0,0.0,momentum_accel
2023-01-30,0.0,0.0,0.0,0.0,ou_mean_reversion
2023-01-31,0.0,0.0,0.0,0.0,ma_crossover
2023-02-01,0.0,0.0,0.0,0.0,momentum_accel
2023-02-02,0.0,0.0,0.0,0.0,ou_mean_reversion
2023-02-03,0.0,0.0,0.0,0.0,ma_crossover
2023-02-06,0.0,0.0,0.0,0.0,momentum_accel
2023-02-07,0.0,0.0,0.0,0.0,ou_mean_reversion
2023-02-08,0.0,0.0,0.0,0.0,ma_crossover
2023-02-09,0.0,0.0,0.0,0.0,momentum_accel
2023-02-10,0.0,0.0,0.0,0.0,ou_mean_reversion
2023-02-13,0.0,0.0,0.0,0.0,ma_crossover
2023-02-14,0.0,0.0,0.0,0.0,momentum_accel
2023-02-15,0.0,0.0,0.0,0.0,ou_mean_reversion
2023-02-16,0.0,0.0,0.0,0.0,ma_crossover
2023-02-17,0.0,0.0,0.0,0.0,momentum_accel
2023-02-21,0.0,0.0,0.0,0.0,ou_mean_reversion
2023-02-22,0.0,0.0,0.0,0.0,ma_crossover
2023-02-23,0.0,0.0,0.0,0.0,momentum_accel
2023-02-24,0.0,0.0,0.0,0.0,ou_mean_reversion
2023-02-27,0.0,0.0,0.0,0.0,ma_crossover
2023-02-28,0.0,0.0,0.0,0.0,momentum_accel
2023-03-01,0.0,0.0,0.0,0.0,ou_mean_reversion
2023-03-02,0.0,0.0,0.0,0.0,ma_crossover
2023-03-03,0.0,0.0,0.0,0.0,momentum_accel
2023-03-06,0.0,0.0,0.0,0.0,ou_mean_reversion
2023-03-07,0.0,0.0,0.0,0.0,ma_crossover
2023-03-08,0.0,0.0,0.0,0.0,momentum_accel
2023-03-09,0.0,0.0,0.0,0.0,ou_mean_reversion
2023-03-10,0.0,0.0,0.0,0.0,ma_crossover
2023-03-13,0.0,0.0,0.0,0.0,momentum_accel
2023-03-14,0.0,0.0,0.0,0.0,ou_mean_reversion
2023-03-15,0.0,0.0,0.0,0.0,ma_crossover
2023-03-16,0.0,0.0,0.0,0.0,momentum_accel
2023-03-17,0.0,0.0,0.0,0.0,ou_mean_reversion
2023-03-20,0.0,0.0,0.0,0.0,ma_crossover
2023-03-21,0.0,0.0,0.0,0.0,momentum_accel
2023-03-22,0.0,0.0,0.0,0.0,ou_mean_reversion
2023-03-23,0.0,0.0,0.0,0.0,ma_crossover
2023-03-24,0.0,0.0,0.0,0.0,momentum_accel
2023-03-27,0.0,0.0,0.0,0.0,ou_mean_reversion
2023-03-28,0.0,0.0,0.0,0.0,ma_crossover
2023-03-29,0.0,0.0,0.0,0.0,momentum_accel
2023-03-30,0.0,0.0,0.0,0.0,ou_mean_reversion
2023-03-31,0.0,0.0,0.0,0.0,ma_crossover
2023-04-03,0.0,0.0,0.0,0.0,momentum_accel
2023-04-04,0.0,0.0,0.0,0.0,ou_mean_reversion
2023-04-05,0.0,0.0,0.0,0.0,ma_crossover
2023-04-06,0.0,0.0,0.0,0.0,momentum_accel
2023-04-10,0.0,0.0,0.0,0.0,ou_mean_reversion
2023-04-11,0.0,0.0,0.0,0.0,ma_crossover
2023-04-12,0.0,0.0,0.0,0.0,momentum_accel
2023-04-13,0.0,0.0,0.0,0.0,ou_mean_reversion
2023-04-14,0.0,0.0,0.0,0.0,ma_crossover
2023-04-17,0.0,0.0,0.0,0.0,momentum_accel
2023-04-18,0.0,0.0,0.0,0.0,ou_mean_reversion
2023-04-19,0.0,0.0,0.0,0.0,ma_crossover
2023-04-20,0.0,0.0,0.0,0.0,momentum_accel
2023-04-21,0.0,0.0,0.0,0.0,ou_mean_reversion
2023-04-24,0.0,0.0,0.0,0.0,ma_crossover
2023-04-25,0.0,0.0,0.0,0.0,momentum_accel
2023-04-26,0.0,0.0,0.0,0.0,ou_mean_reversion
2023-04-27,0.0,0.0,0.0,0.0,ma_crossover
2023-04-28,0.0,0.0,0.0,0.0,momentum_accel
2023-05-01,0.0,0.0,0.0,0.0,ou_mean_reversion
2023-05-02,0.0,0.0,0.0,0.0,ma_crossover
2023-05-03,0.0,0.0,0.0,0.0,momentum_accel
2023-05-04,0.0,0.0,0.0,0.0,ou_mean_reversion
2023-05-05,0.0,0.0,0.0,0.0,ma_crossover
2023-05-08,0.0,0.0,0.0,0.0,momentum_accel
2023-05-09,0.0,0.0,0.0,0.0,ou_mean_reversion
2023-05-10,0.0,0.0,0.0,0.0,ma_crossover
2023-05-11,0.0,0.0,0.0,0.0,momentum_accel
2023-05-12,0.0,0.0,0.0,0.0,ou_mean_reversion
2023-05-15,0.0,0.0,0.0,0.0,ma_crossover
2023-05-16,0.0,0.0,0.0,0.0,momentum_accel
2023-05-17,0.0,0.0,0.0,0.0,ou_mean_reversion
2023-05-18,0.0,0.0,0.0,0.0,ma_crossover
2023-05-19,0.0,0.0,0.0,0.0,momentum_accel
2023-05-22,0.0,0.0,0.0,0.0,ou_mean_reversion
2023-05-23,0.0,0.0,0.0,0.0,ma_crossover
2023-05-24,0.0,0.0,0.0,0.0,momentum_accel
2023-05-25,0.0,0.0,0.0,0.0,ou_mean_reversion
2023-05-26,0.0,0.0,0.0,0.0,ma_crossover
2023-05-30,0.0,0.0,0.0,0.0,momentum_accel
2023-05-31,0.0,0.0,0.0,0.0,ou_mean_reversion
2023-06-01,0.0,0.0,0.0,0.0,ma_crossover
2023-06-02,0.014461246099214176,0.0,0.0,0.0,momentum_accel
2023-06-05,-0.0019162794024634167,0.0,0.0,0.0,ou_mean_reversion
2023-06-06,0.0021775031621826813,0.0,0.0,0.0021775031621826813,ma_crossover
2023-06-07,-0.003457844707188462,0.0,0.0,0.0,momentum_accel
2023-06-08,0.006048683976288105,0.0,0.0,0.0,ou_mean_reversion
2023-06-09,0.0017941364079330224,0.0,0.0,0.0017941364079330224,ma_crossover
2023-06-12,0.009071956138360981,0.0,0.0,0.0,momentum_accel
2023-06-13,0.00659288391405255,0.0,0.0,0.0,ou_mean_reversion
2023-06-14,0.0011908681661410014,0.0,0.0,0.0011908681661410014,ma_crossover
2023-06-15,0.012397657383580452,0.0,0.0,0.0,momentum_accel
2023-06-16,-0.003406254334180958,0.0,0.0,0.0,ou_mean_reversion
2023-06-20,-0.005188113013433138,0.0,0.0,-0.005188113013433138,ma_crossover
2023-06-21,-0.005123707306937342,0.0,0.0,0.0,momentum_accel
2023-06-22,0.0036096812132742073,0.0,0.0,0.0,ou_mean_reversion
2023-06-23,-0.007560097221904205,0.0,0.0,-0.007560097221904205,ma_crossover
2023-06-26,-0.004085673456322048,0.0,0.0,0.0,momentum_accel
2023-06-27,0.010963269508727613,0.0,0.0,0.0,ou_mean_reversion
2023-06-28,0.0005044619925824723,0.0,0.0,0.0005044619925824723,ma_crossover
2023-06-29,0.0039414553051080325,0.0,0.0,0.0,momentum_accel
2023-06-30,0.011800598962751652,0.0,0.0,0.0,ou_mean_reversion
2023-07-03,0.001150544962735145,0.0,0.0,0.001150544962735145,ma_crossover
2023-07-05,-0.0014871876504631842,0.0,0.0,0.0,momentum_accel
2023-07-06,-0.007830634451654661,0.0,0.0,0.0,ou_mean_reversion
2023-07-07,0.0,0.0,0.0,0.0,ma_crossover
2023-07-10,0.0,0.0,0.0,0.0,momentum_accel
2023-07-11,0.0,0.0,0.0,0.0,ou_mean_reversion
2023-07-12,0.0,0.0,0.0,0.0,ma_crossover
2023-07-13,0.0,0.0,0.0,0.0,ou_mean_reversion
2023-07-14,0.0,0.0,0.0,0.0,momentum_accel
2023-07-17,0.0,0.0,0.0,0.0,ma_crossover
2023-07-18,0.0,0.0,0.0,0.0,ou_mean_reversion
2023-07-19,0.0,0.0,0.0,0.0,momentum_accel
2023-07-20,0.0,0.0,0.0,0.0,ma_crossover
2023-07-21,0.0,0.0,0.0,0.0,ou_mean_reversion
2023-07-24,0.0,0.0,0.0,0.0,momentum_accel
2023-07-25,0.0,0.0,0.0,0.0,ma_crossover
2023-07-26,0.0,0.0,0.0,0.0,ou_mean_reversion
2023-07-27,0.0,0.0,0.0,0.0,momentum_accel
2023-07-28,0.0,0.0,0.0,0.0,ma_crossover
2023-07-31,0.0,0.0,0.0,0.0,ou_mean_reversion
2023-08-01,0.0,0.0,0.0,0.0,momentum_accel
2023-08-02,0.0,0.0,0.0,0.0,ma_crossover
2023-08-03,0.0,0.0,0.0,0.0,ou_mean_reversion
2023-08-04,0.0,0.0,0.0,0.0,momentum_accel
2023-08-07,0.0,0.0,0.0,0.0,ma_crossover
2023-08-08,0.0,0.0,0.0,0.0,ou_mean_reversion
2023-08-09,0.0,0.0,0.0,0.0,momentum_accel
2023-08-10,0.0,0.0,0.0,0.0,ma_crossover
2023-08-11,0.0,0.0,0.0,0.0,ou_mean_reversion
2023-08-14,0.0,0.0,0.0,0.0,momentum_accel
2023-08-15,0.0,0.0,0.0,0.0,ma_crossover
2023-08-16,0.0,0.0,0.0,0.0,ou_mean_reversion
2023-08-17,0.0,0.0,0.0,0.0,momentum_accel
2023-08-18,0.0,0.0,0.0,0.0,ma_crossover
2023-08-21,0.0,0.0,0.0,0.0,ou_mean_reversion
2023-08-22,0.0,0.0,0.0,0.0,momentum_accel
2023-08-23,0.0,0.0,0.0,0.0,ma_crossover
2023-08-24,0.0,0.0,0.0,0.0,ou_mean_reversion
2023-08-25,0.0,0.0,0.0,0.0,momentum_accel
2023-08-28,0.0,0.0,0.0,0.0,ma_crossover
2023-08-29,0.0,0.0,0.0,0.0,ou_mean_reversion
2023-08-30,0.0,0.0,0.0,0.0,momentum_accel
2023-08-31,0.0,0.0,0.0,0.0,ma_crossover
2023-09-01,0.0,0.0,0.0,0.0,ou_mean_reversion
2023-09-05,0.0,0.0,0.0,0.0,momentum_accel
2023-09-06,0.0,0.0,0.0,0.0,ma_crossover
2023-09-07,0.0,0.0,0.0,0.0,ou_mean_reversion
2023-09-08,0.0,0.0,0.0,0.0,momentum_accel
2023-09-11,0.0,0.0,0.0,0.0,ma_crossover
2023-09-12,0.0,0.0,0.0,0.0,ou_mean_reversion
2023-09-13,0.0,0.0,0.0,0.0,momentum_accel
2023-09-14,0.0,0.0,0.0,0.0,ma_crossover
2023-09-15,0.0,0.0,0.0,0.0,ou_mean_reversion
2023-09-18,0.0,0.0,0.0,0.0,momentum_accel
2023-09-19,0.0,0.0,0.0,0.0,ma_crossover
2023-09-20,0.0,0.0,0.0,0.0,ou_mean_reversion
2023-09-21,0.0,0.0,0.0,0.0,momentum_accel
2023-09-22,0.0,0.0,0.0,0.0,ma_crossover
2023-09-25,0.0,0.0,0.0,0.0,ou_mean_reversion
2023-09-26,0.0,0.0,0.0,0.0,momentum_accel
2023-09-27,0.0,0.0,0.0,0.0,ma_crossover
2023-09-28,0.0,0.0,0.0,0.0,ou_mean_reversion
2023-09-29,0.0,0.0,0.0,0.0,momentum_accel
2023-10-02,0.0,0.0,0.0,0.0,ma_crossover
2023-10-03,0.0,0.0,0.0,0.0,ou_mean_reversion
2023-10-04,0.0,0.0,0.0,0.0,momentum_accel
2023-10-05,0.0,0.0,0.0,0.0,ma_crossover
2023-10-06,0.0,0.0,0.0,0.0,ou_mean_reversion
2023-10-09,0.0,0.0,0.0,0.0,momentum_accel
2023-10-10,0.0,0.0,0.0,0.0,ma_crossover
2023-10-11,0.0,0.0,0.0,0.0,ou_mean_reversion
2023-10-12,0.0,0.0,0.0,0.0,momentum_accel
2023-10-13,0.0,0.0,0.0,0.0,ma_crossover
2023-10-16,0.0,0.0,0.0,0.0,ou_mean_reversion
2023-10-17,0.0,0.0,0.0,0.0,momentum_accel
2023-10-18,0.0,0.0,0.0,0.0,ma_crossover
2023-10-19,0.0,0.0,0.0,0.0,ou_mean_reversion
2023-10-20,0.0,0.0,0.0,0.0,momentum_accel
2023-10-23,0.0,0.0,0.0,0.0,ma_crossover
2023-10-24,0.0,0.0,0.0,0.0,ou_mean_reversion
2023-10-25,0.0,0.0,0.0,0.0,momentum_accel
2023-10-26,0.0,0.0,0.0,0.0,ma_crossover
2023-10-27,0.0,0.0,0.0,0.0,ou_mean_reversion
2023-10-30,0.0,0.0,0.0,0.0,momentum_accel
2023-10-31,0.0,0.0,0.0,0.0,ma_crossover
2023-11-01,0.0,0.0,0.0,0.0,ou_mean_reversion
2023-11-02,0.0,0.0,0.0,0.0,momentum_accel
2023-11-03,0.0,0.0,0.0,0.0,ma_crossover
2023-11-06,0.0,0.0,0.0,0.0,ou_mean_reversion
2023-11-07,0.0,0.0,0.0,0.0,momentum_accel
2023-11-08,0.0,0.0,0.0,0.0,ma_crossover
2023-11-09,0.0,0.0,0.0,0.0,ou_mean_reversion
2023-11-10,0.0,0.0,0.0,0.0,momentum_accel
2023-11-13,0.0,0.0,0.0,0.0,ma_crossover
2023-11-14,0.0,0.0,0.0,0.0,ou_mean_reversion
2023-11-15,0.0,0.0,0.0,0.0,momentum_accel
2023-11-16,0.0012232599112695919,0.0,0.0,0.0012232599112695919,ma_crossover
2023-11-17,0.001243663560999142,0.0,0.0,0.0,ou_mean_reversion
2023-11-20,0.0076976816754921185,0.0,0.0,0.0,momentum_accel
2023-11-21,-0.0021795155811685785,0.0,0.0,-0.0021795155811685785,ma_crossover
2023-11-22,0.0038607906965977268,0.0,0.0,0.0,ou_mean_reversion
2023-11-24,0.0006153204087260278,0.0,0.0,0.0,momentum_accel
2023-11-27,-0.0018008967106659668,0.0,0.0,-0.0018008967106659668,ma_crossover
2023-11-28,0.0009902282921570027,0.0,0.0,0.0,ou_mean_reversion
2023-11-29,-0.0007034412093859244,0.0,0.0,0.0,momentum_accel
2023-11-30,0.003937333361669015,0.0,0.0,0.003937333361669015,ma_crossover
2023-12-01,0.005915894149018497,0.0,0.0,0.0,ou_mean_reversion
2023-12-04,-0.005249433046903285,0.0,0.0,0.0,momentum_accel
2023-12-05,-0.00019704604193171438,0.0,0.0,-0.00019704604193171438,ma_crossover
2023-12-06,-0.004029649927591472,0.0,0.0,0.0,ou_mean_reversion
2023-12-07,0.007630343209685142,0.0,0.0,0.0,momentum_accel
2023-12-08,0.004299133225367013,0.0,0.0,0.004299133225367013,ma_crossover
2023-12-11,0.00388957530627021,0.0,0.0,0.0,ou_mean_reversion
2023-12-12,0.004567264577545194,0.0,0.0,0.0,momentum_accel
2023-12-13,0.01379009908934381,0.0,0.0,0.01379009908934381,ma_crossover
2023-12-14,0.0032094174230101746,0.0,0.0,0.0,ou_mean_reversion
2023-12-15,-0.0016464726362743765,0.0,0.0,0.0,momentum_accel
2023-12-18,0.005625002998374873,0.0,0.0,0.005625002998374873,ma_crossover
2023-12-19,0.006080870307495045,0.0,0.0,0.0,ou_mean_reversion
2023-12-20,-0.013857245040602928,0.0,0.0,0.0,momentum_accel
2023-12-21,0.009481910240972447,0.0,0.0,0.009481910240972447,ma_crossover
2023-12-22,0.0020096910799973777,0.0,0.0,0.0,ou_mean_reversion
2023-12-26,0.00422252965677683,0.0,0.0,0.0,momentum_accel
2023-12-27,0.0018080762051746468,0.0,0.0,0.0018080762051746468,ma_crossover
2023-12-28,0.000377618770355026,0.0,0.0,0.0,ou_mean_reversion
2023-12-29,-0.0028948372482631157,0.0,0.0,0.0,momentum_accel
2024-01-02,-0.005596340916745657,0.0,0.0,-0.005596340916745657,ma_crossover
2024-01-03,-0.008166780323945244,0.0,0.0,0.0,ou_mean_reversion
2024-01-04,-0.0032210587840606486,0.0,0.0,0.0,momentum_accel
2024-01-05,0.0013697230244646974,0.0,0.0,0.0013697230244646974,ma_crossover
2024-01-08,0.0,0.0,0.0,0.0,ou_mean_reversion
2024-01-09,0.0,0.0,0.0,0.0,momentum_accel
2024-01-10,0.0,0.0,0.0,0.0,ma_crossover
2024-01-11,0.0,0.0,0.0,0.0,ou_mean_reversion
2024-01-12,0.0,0.0,0.0,0.0,momentum_accel
2024-01-16,0.0,0.0,0.0,0.0,ma_crossover
2024-01-17,0.0,0.0,0.0,0.0,ou_mean_reversion
2024-01-18,0.0,0.0,0.0,0.0,momentum_accel
2024-01-19,0.0,0.0,0.0,0.0,ma_crossover
2024-01-22,0.0,0.0,0.0,0.0,ou_mean_reversion
2024-01-23,0.0,0.0,0.0,0.0,momentum_accel
2024-01-24,0.0,0.0,0.0,0.0,ma_crossover
2024-01-25,0.0,0.0,0.0,0.0,ou_mean_reversion
2024-01-26,0.0,0.0,0.0,0.0,momentum_accel
2024-01-29,0.0,0.0,0.0,0.0,ma_crossover
2024-01-30,0.0,0.0,0.0,0.0,ou_mean_reversion
2024-01-31,0.0,0.0,0.0,0.0,momentum_accel
2024-02-01,0.0,0.0,0.0,0.0,ma_crossover
2024-02-02,0.0,0.0,0.0,0.0,ou_mean_reversion
2024-02-05,0.0,0.0,0.0,0.0,momentum_accel
2024-02-06,0.0,0.0,0.0,0.0,ma_crossover
2024-02-07,0.0,0.0,0.0,0.0,ou_mean_reversion
2024-02-08,0.0,0.0,0.0,0.0,momentum_accel
2024-02-09,0.0,0.0,0.0,0.0,ma_crossover
2024-02-12,0.0,0.0,0.0,0.0,ou_mean_reversion
2024-02-13,0.0,0.0,0.0,0.0,momentum_accel
2024-02-14,0.0,0.0,0.0,0.0,ma_crossover
2024-02-15,0.0,0.0,0.0,0.0,ou_mean_reversion
2024-02-16,0.0,0.0,0.0,0.0,momentum_accel
2024-02-20,0.0,0.0,0.0,0.0,ma_crossover
2024-02-21,0.0,0.0,0.0,0.0,ou_mean_reversion
2024-02-22,0.0,0.0,0.0,0.0,momentum_accel
2024-02-23,0.0,0.0,0.0,0.0,ma_crossover
2024-02-26,0.0,0.0,0.0,0.0,ou_mean_reversion
2024-02-27,0.0,0.0,0.0,0.0,momentum_accel
2024-02-28,0.0,0.0,0.0,0.0,ma_crossover
2024-02-29,0.0,0.0,0.0,0.0,ou_mean_reversion
2024-03-01,0.0,0.0,0.0,0.0,momentum_accel
2024-03-04,0.0,0.0,0.0,0.0,ma_crossover
2024-03-05,0.0,0.0,0.0,0.0,ou_mean_reversion
2024-03-06,0.0,0.0,0.0,0.0,momentum_accel
2024-03-07,0.0,0.0,0.0,0.0,ma_crossover
2024-03-08,0.0,0.0,0.0,0.0,ou_mean_reversion
2024-03-11,0.0,0.0,0.0,0.0,momentum_accel
2024-03-12,0.0,0.0,0.0,0.0,ma_crossover
2024-03-13,0.0,0.0,0.0,0.0,ou_mean_reversion
2024-03-14,0.0,0.0,0.0,0.0,momentum_accel
2024-03-15,0.0,0.0,0.0,0.0,ma_crossover
2024-03-18,0.0,0.0,0.0,0.0,ou_mean_reversion
2024-03-19,0.0,0.0,0.0,0.0,momentum_accel
2024-03-20,0.0,0.0,0.0,0.0,ma_crossover
2024-03-21,0.0,0.0,0.0,0.0,ou_mean_reversion
2024-03-22,0.0,0.0,0.0,0.0,momentum_accel
2024-03-25,0.0,0.0,0.0,0.0,ma_crossover
2024-03-26,0.0,0.0,0.0,0.0,ou_mean_reversion
2024-03-27,0.0,0.0,0.0,0.0,momentum_accel
2024-03-28,0.0,0.0,0.0,0.0,ma_crossover
2024-04-01,0.0,0.0,0.0,0.0,ou_mean_reversion
2024-04-02,0.0,0.0,0.0,0.0,momentum_accel
2024-04-03,0.0,0.0,0.0,0.0,ma_crossover
2024-04-04,0.0,0.0,0.0,0.0,ou_mean_reversion
2024-04-05,0.0,0.0,0.0,0.0,momentum_accel
2024-04-08,0.0,0.0,0.0,0.0,ma_crossover
2024-04-09,0.0,0.0,0.0,0.0,ou_mean_reversion
2024-04-10,0.0,0.0,0.0,0.0,momentum_accel
2024-04-11,0.0,0.0,0.0,0.0,ma_crossover
2024-04-12,0.0,0.0,0.0,0.0,ou_mean_reversion
2024-04-15,0.0,0.0,0.0,0.0,momentum_accel
2024-04-16,0.0,0.0,0.0,0.0,ma_crossover
2024-04-17,0.0,0.0,0.0,0.0,ou_mean_reversion
2024-04-18,0.0,0.0,0.0,0.0,momentum_accel
2024-04-19,0.0,0.0,0.0,0.0,ma_crossover
2024-04-22,0.0,0.0,0.0,0.0,ou_mean_reversion
2024-04-23,0.0,0.0,0.0,0.0,momentum_accel
2024-04-24,0.0,0.0,0.0,0.0,ma_crossover
2024-04-25,0.0,0.0,0.0,0.0,ou_mean_reversion
2024-04-26,0.0,0.0,0.0,0.0,momentum_accel
2024-04-29,0.0,0.0,0.0,0.0,ma_crossover
2024-04-30,0.0,0.0,0.0,0.0,ou_mean_reversion
2024-05-01,0.0,0.0,0.0,0.0,momentum_accel
2024-05-02,0.0,0.0,0.0,0.0,ma_crossover
2024-05-03,0.0,0.0,0.0,0.0,ou_mean_reversion
2024-05-06,0.0,0.0,0.0,0.0,momentum_accel
2024-05-07,0.0,0.0,0.0,0.0,ma_crossover
2024-05-08,0.0,0.0,0.0,0.0,ou_mean_reversion
2024-05-09,0.0,0.0,0.0,0.0,momentum_accel
2024-05-10,0.0,0.0,0.0,0.0,ma_crossover
2024-05-13,0.0,0.0,0.0,0.0,ou_mean_reversion
2024-05-14,0.0,0.0,0.0,0.0,momentum_accel
2024-05-15,0.0,0.0,0.0,0.0,ma_crossover
2024-05-16,0.0,0.0,0.0,0.0,ou_mean_reversion
2024-05-17,0.0,0.0,0.0,0.0,momentum_accel
2024-05-20,0.0,0.0,0.0,0.0,ma_crossover
2024-05-21,0.0,0.0,0.0,0.0,ou_mean_reversion
2024-05-22,0.0,0.0,0.0,0.0,momentum_accel
2024-05-23,0.0,0.0,0.0,0.0,ma_crossover
2024-05-24,0.0,0.0,0.0,0.0,ou_mean_reversion
2024-05-28,0.0,0.0,0.0,0.0,momentum_accel
2024-05-29,0.0,0.0,0.0,0.0,ma_crossover
2024-05-30,0.0,0.0,0.0,0.0,ou_mean_reversion
2024-05-31,0.0,0.0,0.0,0.0,momentum_accel
2024-06-03,0.0008155418777793244,0.0,0.0,0.0008155418777793244,ma_crossover
2024-06-04,0.001117650658423841,0.0,0.0,0.0,ou_mean_reversion
2024-06-05,0.01188524827129811,0.0,0.0,0.0,momentum_accel
2024-06-06,-1.877493863766677e-05,0.0,0.0,-1.877493863766677e-05,ma_crossover
2024-06-07,-0.0012154960292127814,0.0,0.0,0.0,ou_mean_reversion
2024-06-10,0.0030894334953213143,0.0,0.0,0.0,momentum_accel
2024-06-11,0.0024085286964448116,0.0,0.0,0.0024085286964448116,ma_crossover
2024-06-12,0.008213005622835112,0.0,0.0,0.0,ou_mean_reversion
2024-06-13,0.002013577104776232,0.0,0.0,0.0,momentum_accel
2024-06-14,0.0006085028794928782,0.0,0.0,0.0006085028794928782,ma_crossover
2024-06-17,0.007958567935616001,0.0,0.0,0.0,ou_mean_reversion
2024-06-18,0.0025408516406018045,0.0,0.0,0.0,momentum_accel
2024-06-20,-0.0027166351102084763,0.0,0.0,-0.0027166351102084763,ma_crossover
2024-06-21,-0.0013405883085424453,0.0,0.0,0.0,ou_mean_reversion
2024-06-24,-0.003250562448193328,0.0,0.0,0.0,momentum_accel
2024-06-25,0.003850780977546542,0.0,0.0,0.003850780977546542,ma_crossover
2024-06-26,0.0012481745646850673,0.0,0.0,0.0,ou_mean_reversion
2024-06-27,0.0015764449928687974,0.0,0.0,0.0,momentum_accel
2024-06-28,-0.003935079939748398,0.0,0.0,-0.003935079939748398,ma_crossover
2024-07-01,0.0020579935995963528,0.0,0.0,0.0,ou_mean_reversion
2024-07-02,0.006729759323686357,0.0,0.0,0.0,momentum_accel
2024-07-03,0.004462590190670523,0.0,0.0,0.004462590190670523,ma_crossover
2024-07-05,0.005766430596654271,0.0,0.0,0.0,ou_mean_reversion
2024-07-08,0.0011539350215821198,0.0,0.0,0.0,momentum_accel
2024-07-09,0.0,0.0,0.0,0.0,ma_crossover
2024-07-10,0.0,0.0,0.0,0.0,ou_mean_reversion
2024-07-11,0.0,0.0,0.0,0.0,momentum_accel
2024-07-12,0.0,0.0,0.0,0.0,ma_crossover
2024-07-15,0.0,0.0,0.0,0.0,ou_mean_reversion
2024-07-16,0.0,0.0,0.0,0.0,momentum_accel
2024-07-17,0.0,0.0,0.0,0.0,ma_crossover
2024-07-18,0.0,0.0,0.0,0.0,ou_mean_reversion
2024-07-19,0.0,0.0,0.0,0.0,momentum_accel
2024-07-22,0.0,0.0,0.0,0.0,ma_crossover
2024-07-23,0.0,0.0,0.0,0.0,ou_mean_reversion
2024-07-24,0.0,0.0,0.0,0.0,momentum_accel
2024-07-25,0.0,0.0,0.0,0.0,ma_crossover
2024-07-26,0.0,0.0,0.0,0.0,ou_mean_reversion
2024-07-29,0.0,0.0,0.0,0.0,momentum_accel
2024-07-30,0.0,0.0,0.0,0.0,ma_crossover
2024-07-31,0.0,0.0,0.0,0.0,ou_mean_reversion
2024-08-01,0.0,0.0,0.0,0.0,momentum_accel
2024-08-02,0.0,0.0,0.0,0.0,ma_crossover
2024-08-05,0.0,0.0,0.0,0.0,ou_mean_reversion
2024-08-06,0.0,0.0,0.0,0.0,momentum_accel
2024-08-07,0.0,0.0,0.0,0.0,ma_crossover
2024-08-08,0.0,0.0,0.0,0.0,ou_mean_reversion
2024-08-09,0.0,0.0,0.0,0.0,momentum_accel
2024-08-12,0.0,0.0,0.0,0.0,ma_crossover
2024-08-13,0.0,0.0,0.0,0.0,ou_mean_reversion
2024-08-14,0.0,0.0,0.0,0.0,momentum_accel
2024-08-15,0.0,0.0,0.0,0.0,ma_crossover
2024-08-16,0.0,0.0,0.0,0.0,ou_mean_reversion
2024-08-19,0.0,0.0,0.0,0.0,momentum_accel
2024-08-20,0.0,0.0,0.0,0.0,ma_crossover
2024-08-21,0.0,0.0,0.0,0.0,ou_mean_reversion
2024-08-22,0.0,0.0,0.0,0.0,momentum_accel
2024-08-23,0.0,0.0,0.0,0.0,ma_crossover
2024-08-26,0.0,0.0,0.0,0.0,ou_mean_reversion
2024-08-27,0.0,0.0,0.0,0.0,momentum_accel
2024-08-28,0.0,0.0,0.0,0.0,ma_crossover
2024-08-29,0.0,0.0,0.0,0.0,ou_mean_reversion
2024-08-30,0.0,0.0,0.0,0.0,momentum_accel
2024-09-03,0.0,0.0,0.0,0.0,ma_crossover
2024-09-04,0.0,0.0,0.0,0.0,ou_mean_reversion
2024-09-05,0.0,0.0,0.0,0.0,momentum_accel
2024-09-06,0.0,0.0,0.0,0.0,ma_crossover
2024-09-09,0.0,0.0,0.0,0.0,ou_mean_reversion
2024-09-10,0.0,0.0,0.0,0.0,momentum_accel
2024-09-11,0.0,0.0,0.0,0.0,ma_crossover
2024-09-12,0.0,0.0,0.0,0.0,ou_mean_reversion
2024-09-13,0.0,0.0,0.0,0.0,momentum_accel
2024-09-16,0.0,0.0,0.0,0.0,ma_crossover
2024-09-17,0.0,0.0,0.0,0.0,ou_mean_reversion
2024-09-18,0.0,0.0,0.0,0.0,momentum_accel
2024-09-19,0.0,0.0,0.0,0.0,ma_crossover
2024-09-20,0.0,0.0,0.0,0.0,ou_mean_reversion
2024-09-23,0.0,0.0,0.0,0.0,momentum_accel
2024-09-24,0.0,0.0,0.0,0.0,ma_crossover
2024-09-25,0.0,0.0,0.0,0.0,ou_mean_reversion
2024-09-26,0.0,0.0,0.0,0.0,momentum_accel
2024-09-27,0.0,0.0,0.0,0.0,ma_crossover
2024-09-30,0.0,0.0,0.0,0.0,ou_mean_reversion
2024-10-01,0.0,0.0,0.0,0.0,momentum_accel
2024-10-02,0.0,0.0,0.0,0.0,ma_crossover
2024-10-03,0.0,0.0,0.0,0.0,ou_mean_reversion
2024-10-04,0.0,0.0,0.0,0.0,momentum_accel
2024-10-07,0.0,0.0,0.0,0.0,ma_crossover
2024-10-08,0.0,0.0,0.0,0.0,ou_mean_reversion
2024-10-09,0.0,0.0,0.0,0.0,momentum_accel
2024-10-10,0.0,0.0,0.0,0.0,ma_crossover
2024-10-11,0.0,0.0,0.0,0.0,ou_mean_reversion
2024-10-14,0.0,0.0,0.0,0.0,momentum_accel
2024-10-15,0.0,0.0,0.0,0.0,ma_crossover
2024-10-16,0.0,0.0,0.0,0.0,ou_mean_reversion
2024-10-17,0.0,0.0,0.0,0.0,momentum_accel
2024-10-18,0.0,0.0,0.0,0.0,ma_crossover
2024-10-21,0.0,0.0,0.0,0.0,ou_mean_reversion
2024-10-22,0.0,0.0,0.0,0.0,momentum_accel
2024-10-23,0.0,0.0,0.0,0.0,ma_crossover
2024-10-24,0.002162732458998784,0.0,0.0,0.0,ou_mean_reversion
2024-10-25,-0.00034539739003314196,0.0,0.0,0.0,momentum_accel
2024-10-28,0.003091459851665812,0.0,0.0,0.003091459851665812,ma_crossover
2024-10-29,0.0016182517461857948,0.0,0.0,0.0,ou_mean_reversion
2024-10-30,-0.0030250863625295166,0.0,0.0,0.0,momentum_accel
2024-10-31,-0.01960329363718849,0.0,0.0,-0.01960329363718849,ma_crossover
2024-11-01,0.0042207241741063495,0.0,0.0,0.0,ou_mean_reversion
2024-11-04,-0.002154224880527633,0.0,0.0,0.0,momentum_accel
2024-11-05,0.012092052001916764,0.0,0.0,0.012092052001916764,ma_crossover
2024-11-06,0.024865546198623356,0.0,0.0,0.0,ou_mean_reversion
2024-11-07,0.007732072780831434,0.0,0.0,0.0,momentum_accel
2024-11-08,0.00433169958344104,0.0,0.0,0.00433169958344104,ma_crossover
2024-11-11,0.0009529240006858064,0.0,0.0,0.0,ou_mean_reversion
2024-11-12,-0.003106472213743605,0.0,0.0,0.0,momentum_accel
2024-11-13,0.0004858997215391181,0.0,0.0,0.0004858997215391181,ma_crossover
2024-11-14,-0.006430142235790304,0.0,0.0,0.0,ou_mean_reversion
2024-11-15,-0.012808702244512249,0.0,0.0,0.0,momentum_accel
2024-11-18,0.00409732931550888,0.0,0.0,0.00409732931550888,ma_crossover
2024-11-19,0.003655535228341611,0.0,0.0,0.0,ou_mean_reversion
2024-11-20,0.00033882101626669936,0.0,0.0,0.0,momentum_accel
2024-11-21,0.0053683052787363295,0.0,0.0,0.0053683052787363295,ma_crossover
2024-11-22,0.0030995004564438045,0.0,0.0,0.0,ou_mean_reversion
2024-11-25,0.0033920694119420336,0.0,0.0,0.0,momentum_accel
2024-11-26,0.005221465631392919,0.0,0.0,0.005221465631392919,ma_crossover
2024-11-27,-0.0030302658321744724,0.0,0.0,0.0,ou_mean_reversion
2024-11-29,0.006212219302845101,0.0,0.0,0.0,momentum_accel
2024-12-02,0.0017925188252854163,0.0,0.0,0.0017925188252854163,ma_crossover
2024-12-03,0.0004637510975991077,0.0,0.0,0.0,ou_mean_reversion
2024-12-04,0.006209516895388845,0.0,0.0,0.0,momentum_accel
2024-12-05,-0.0016456048818653812,0.0,0.0,-0.0016456048818653812,ma_crossover
2024-12-06,0.0018955802850255665,0.0,0.0,0.0,ou_mean_reversion
2024-12-09,-0.0051496688450397565,0.0,0.0,0.0,momentum_accel
2024-12-10,-0.0031090535737811065,0.0,0.0,-0.0031090535737811065,ma_crossover
2024-12-11,0.007730680288733138,0.0,0.0,0.0,ou_mean_reversion
2024-12-12,-0.005152737489902304,0.0,0.0,0.0,momentum_accel
2024-12-13,-0.00019849099680313564,0.0,0.0,-0.00019849099680313564,ma_crossover
2024-12-16,0.00427004441801726,0.0,0.0,0.0,ou_mean_reversion
2024-12-17,-0.004120165888862548,0.0,0.0,0.0,momentum_accel
2024-12-18,-0.029803408098876827,0.0,0.0,-0.029803408098876827,ma_crossover
2024-12-19,-0.0003072200191722718,0.0,0.0,0.0,ou_mean_reversion
2024-12-20,0.01201116311480388,0.0,0.0,0.0,momentum_accel
2024-12-23,0.005988205350733189,0.0,0.0,0.005988205350733189,ma_crossover
2024-12-24,0.011115010835655692,0.0,0.0,0.0,ou_mean_reversion
2024-12-26,6.675326796945491e-05,0.0,0.0,0.0,momentum_accel
2024-12-27,-0.010526595756192858,0.0,0.0,-0.010526595756192858,ma_crossover
2024-12-30,-0.011411559325463339,0.0,0.0,0.0,ou_mean_reversion
2024-12-31,-0.00363811510058909,0.0,0.0,0.0,momentum_accel
2025-01-02,-0.0024570951360665116,0.0,0.0,-0.0024570951360665116,ma_crossover
2025-01-03,0.012503430133321558,0.0,0.0,0.0,ou_mean_reversion
2025-01-06,0.005760625015313048,0.0,0.0,0.0,momentum_accel
2025-01-07,-0.011304137676369508,0.0,0.0,-0.011304137676369508,ma_crossover
2025-01-08,0.0014609467410140464,0.0,0.0,0.0,ou_mean_reversion
2025-01-10,0.0,0.0,0.0,0.0,momentum_accel
2025-01-13,0.0,0.0,0.0,0.0,ma_crossover
2025-01-14,0.0,0.0,0.0,0.0,ou_mean_reversion
2025-01-15,0.0,0.0,0.0,0.0,momentum_accel
2025-01-16,0.0,0.0,0.0,0.0,ma_crossover
2025-01-17,0.0,0.0,0.0,0.0,ou_mean_reversion
2025-01-21,0.0,0.0,0.0,0.0,momentum_accel
2025-01-22,0.0,0.0,0.0,0.0,ma_crossover
2025-01-23,0.0,0.0,0.0,0.0,ou_mean_reversion
2025-01-24,0.0,0.0,0.0,0.0,momentum_accel
2025-01-27,0.0,0.0,0.0,0.0,ma_crossover
2025-01-28,0.0,0.0,0.0,0.0,ou_mean_reversion
2025-01-29,0.0,0.0,0.0,0.0,momentum_accel
2025-01-30,0.0,0.0,0.0,0.0,ma_crossover
2025-01-31,0.0,0.0,0.0,0.0,ou_mean_reversion
2025-02-03,0.0,0.0,0.0,0.0,momentum_accel
2025-02-04,0.0,0.0,0.0,0.0,ma_crossover
2025-02-05,0.0,0.0,0.0,0.0,ou_mean_reversion
2025-02-06,0.0,0.0,0.0,0.0,momentum_accel
2025-02-07,0.0,0.0,0.0,0.0,ma_crossover
2025-02-10,0.0,0.0,0.0,0.0,ou_mean_reversion
2025-02-11,0.0,0.0,0.0,0.0,momentum_accel
2025-02-12,0.0,0.0,0.0,0.0,ma_crossover
2025-02-13,0.0,0.0,0.0,0.0,ou_mean_reversion
2025-02-14,0.0,0.0,0.0,0.0,momentum_accel
2025-02-18,0.0,0.0,0.0,0.0,ma_crossover
2025-02-19,0.0,0.0,0.0,0.0,ou_mean_reversion
2025-02-20,0.0,0.0,0.0,0.0,momentum_accel
2025-02-21,0.0,0.0,0.0,0.0,ma_crossover
2025-02-24,0.0,0.0,0.0,0.0,ou_mean_reversion
2025-02-25,0.0,0.0,0.0,0.0,momentum_accel
2025-02-26,0.0,0.0,0.0,0.0,ma_crossover
2025-02-27,0.0,0.0,0.0,0.0,ou_mean_reversion
2025-02-28,0.0,0.0,0.0,0.0,momentum_accel
2025-03-03,0.0,0.0,0.0,0.0,ma_crossover
2025-03-04,0.0,0.0,0.0,0.0,ou_mean_reversion
2025-03-05,0.0,0.0,0.0,0.0,momentum_accel
2025-03-06,0.0,0.0,0.0,0.0,ma_crossover
2025-03-07,0.0,0.0,0.0,0.0,ou_mean_reversion
2025-03-10,0.0,0.0,0.0,0.0,momentum_accel
2025-03-11,0.0,0.0,0.0,0.0,ma_crossover
2025-03-12,0.0,0.0,0.0,0.0,ou_mean_reversion
2025-03-13,0.0,0.0,0.0,0.0,momentum_accel
2025-03-14,0.0,0.0,0.0,0.0,ma_crossover
2025-03-17,0.0,0.0,0.0,0.0,ou_mean_reversion
2025-03-18,0.0,0.0,0.0,0.0,momentum_accel
2025-03-19,0.0,0.0,0.0,0.0,ma_crossover
2025-03-20,0.0,0.0,0.0,0.0,ou_mean_reversion
2025-03-21,0.0,0.0,0.0,0.0,momentum_accel
2025-03-24,0.0,0.0,0.0,0.0,ma_crossover
2025-03-25,0.0,-2.220446049250313e-16,0.0,-2.220446049250313e-16,ou_mean_reversion
2025-03-26,0.0,-0.011938349429391981,0.0,0.0,momentum_accel
2025-03-27,0.0,-0.00265566545937157,0.0,0.0,ma_crossover
2025-03-28,0.0,-0.020138263417020186,0.0,-0.020138263417020186,ou_mean_reversion
2025-03-31,0.0,0.006712770962260528,0.006712770962260306,0.006712770962260306,momentum_accel
2025-04-01,0.0,0.002824370325138048,2.220446049250313e-16,0.0,ma_crossover
2025-04-02,0.0,0.006328429720397377,0.006328429720397155,0.006328429720397155,momentum_accel
2025-04-03,0.0,-0.049280731244630394,0.0,-0.049280731244630394,ou_mean_reversion
2025-04-04,0.0,-0.058543017990811186,-0.058543017990811186,0.0,ma_crossover
2025-04-07,0.0,-0.0017812158580952087,0.0,0.0,momentum_accel
2025-04-08,0.0,-0.01566271781121109,0.0,-0.01566271781121109,ou_mean_reversion
2025-04-09,0.0,0.1050193384866358,0.1050193384866358,0.0,ma_crossover
2025-04-10,0.0,-0.04381893947319182,0.0,0.0,momentum_accel
2025-04-11,0.0,0.017842696634427613,0.01784269663442739,0.0,ma_crossover
2025-04-14,0.0,0.00970141870689667,0.0,0.00970141870689667,ou_mean_reversion
2025-04-15,0.0,-0.002800946751397526,-0.002800946751397415,-0.002800946751397415,momentum_accel
2025-04-16,0.0,-0.02222784639061992,0.0,-0.02222784639061992,ou_mean_reversion
2025-04-17,0.0,0.0014266710297197172,0.0,0.0,ma_crossover
2025-04-21,0.0,-0.023802726450020795,0.0,0.0,momentum_accel
2025-04-22,0.0,0.026017884869794283,0.026017884869794283,0.0,ma_crossover
2025-04-23,0.0,0.015495305634541934,0.0,0.0,momentum_accel
2025-04-24,0.0,0.02104906938183304,0.02104906938183304,0.02104906938183304,ou_mean_reversion
2025-04-25,0.0,0.007225181113724055,0.0,0.0,ma_crossover
2025-04-28,0.0,0.0003813816863120767,0.00038138168631229874,0.0003813816863120767,ou_mean_reversion
2025-04-29,0.0,0.00629928423472248,0.0,0.0,momentum_accel
2025-04-30,0.0,0.0003970648080962036,0.0,0.0,ma_crossover
2025-05-01,0.0,0.007086819871648498,0.007086819871648498,0.007086819871648498,ou_mean_reversion
2025-05-02,0.0,0.014844159530959189,0.0,0.0,momentum_accel
2025-05-05,0.0,0.0,-0.005734319426101697,0.0,ou_mean_reversion
2025-05-06,0.0,0.0,-0.008358391135089072,0.0,ma_crossover
2025-05-07,0.0,0.0,0.0,0.0,momentum_accel
2025-05-08,0.0,0.0,0.0,0.0,ou_mean_reversion
2025-05-09,0.0,0.0,-0.001274131854691496,0.0,ma_crossover
2025-05-12,0.0,0.0,0.03304739524691391,0.03304739524691391,momentum_accel
2025-05-13,0.0,0.0,0.0,0.0,momentum_accel
2025-05-14,0.0,0.0,0.0012780408101642493,0.0,ou_mean_reversion
2025-05-15,0.0,0.0,0.0,0.0,ma_crossover
2025-05-16,0.0,0.0,0.0,0.0,momentum_accel
2025-05-19,0.0,0.0,0.0010938397868693883,0.0,ou_mean_reversion
2025-05-20,0.0,0.0,-0.0033621824492219288,0.0,ma_crossover
2025-05-21,0.0,0.0,0.0,0.0,momentum_accel
2025-05-22,0.0,0.0,0.0,0.0,ou_mean_reversion
2025-05-23,0.0,0.0,0.0,0.0,ma_crossover
2025-05-27,0.0,0.0,0.0,0.0,momentum_accel
2025-05-28,0.0,0.0,0.0,0.0,ou_mean_reversion
2025-05-29,0.0,0.0,0.0,0.0,ma_crossover
2025-05-30,0.0,0.0,0.0,0.0,momentum_accel
2025-06-02,0.0,0.0,0.0,0.0,ou_mean_reversion
2025-06-03,0.0,0.0,0.0,0.0,ma_crossover
2025-06-04,0.0,0.0,0.0,0.0,momentum_accel
2025-06-05,0.0,0.0,0.0,0.0,ou_mean_reversion
2025-06-06,0.0,0.0,0.0,0.0,ma_crossover
2025-06-09,0.0,0.0,0.0,0.0,momentum_accel
2025-06-10,0.0,0.0,0.0,0.0,ou_mean_reversion
2025-06-11,0.0,0.0,0.0,0.0,ma_crossover
2025-06-12,0.0,0.0,0.0,0.0,momentum_accel
2025-06-13,0.0,0.0,0.0,0.0,ou_mean_reversion
2025-06-16,0.0,0.0,0.0,0.0,ma_crossover
2025-06-17,0.0,0.0,0.0,0.0,momentum_accel
2025-06-18,0.0,0.0,0.0,0.0,ou_mean_reversion
2025-06-20,0.0,0.0,0.0,0.0,ma_crossover
2025-06-23,0.0,0.0,0.0,0.0,momentum_accel
2025-06-24,0.0,0.0,0.0,0.0,ou_mean_reversion
2025-06-25,0.0,0.0,0.0,0.0,ma_crossover
2025-06-26,0.0,0.0,0.0,0.0,momentum_accel
2025-06-27,0.0,0.0,0.0,0.0,ou_mean_reversion
2025-06-30,0.0,0.0,0.0,0.0,ma_crossover
2025-07-01,0.0,0.0,0.0,0.0,momentum_accel
2025-07-02,0.0,0.0,0.0,0.0,ou_mean_reversion
2025-07-03,0.0,0.0,0.0,0.0,ma_crossover
2025-07-07,0.0,0.0,0.0,0.0,momentum_accel
2025-07-08,0.0,0.0,0.0,0.0,ou_mean_reversion
2025-07-09,0.0,0.0,0.0,0.0,ma_crossover
2025-07-10,0.0,0.0,0.0,0.0,momentum_accel
2025-07-11,0.0,0.0,0.0,0.0,ou_mean_reversion
2025-07-14,0.0,0.0,0.0,0.0,ma_crossover
2025-07-15,0.0,0.0,0.0,0.0,momentum_accel
2025-07-16,0.0,0.0,0.0,0.0,ou_mean_reversion
2025-07-17,0.0,0.0,0.0,0.0,ma_crossover
2025-07-18,0.0,0.0,0.0,0.0,momentum_accel
2025-07-21,0.0,0.0,0.0,0.0,ou_mean_reversion
2025-07-22,0.0,0.0,0.0,0.0,ma_crossover
2025-07-23,0.0,0.0,0.0,0.0,momentum_accel
2025-07-24,0.0,0.0,0.0,0.0,ou_mean_reversion
2025-07-25,0.0,0.0,0.0,0.0,ma_crossover
2025-07-28,0.0,0.0,0.0,0.0,momentum_accel
2025-07-29,0.0,0.0,0.0,0.0,ou_mean_reversion
2025-07-30,0.0,0.0,0.0,0.0,ma_crossover
2025-07-31,0.0,0.0,0.0,0.0,momentum_accel
2025-08-01,0.0,0.0,0.0,0.0,ou_mean_reversion
2025-08-04,0.0,0.0,0.0,0.0,ma_crossover
2025-08-05,0.0,0.0,0.0,0.0,momentum_accel
2025-08-06,0.0,0.0,0.0,0.0,ou_mean_reversion
2025-08-07,0.0,0.0,0.0,0.0,ma_crossover
2025-08-08,0.0,0.0,0.0,0.0,momentum_accel
2025-08-11,0.0,0.0,0.0,0.0,ou_mean_reversion
2025-08-12,0.0,0.0,0.0,0.0,ma_crossover
2025-08-13,0.0,0.0,0.0,0.0,momentum_accel
2025-08-14,0.0,0.0,0.0,0.0,ou_mean_reversion
2025-08-15,0.0,0.0,0.0,0.0,ma_crossover
2025-08-18,0.0,0.0,0.0,0.0,momentum_accel
2025-08-19,0.0,0.0,0.0,0.0,ou_mean_reversion
2025-08-20,0.0,0.0,0.0,0.0,ma_crossover
2025-08-21,0.0,0.0,0.0,0.0,momentum_accel
2025-08-22,0.0,0.0,0.0,0.0,ou_mean_reversion
2025-08-25,0.0,0.0,0.0,0.0,ma_crossover
2025-08-26,0.0,0.0,0.0,0.0,momentum_accel
2025-08-27,0.0,0.0,0.0,0.0,ou_mean_reversion
2025-08-28,0.0,0.0,0.0,0.0,ma_crossover
2025-08-29,0.0,0.0,0.0,0.0,momentum_accel
2025-09-02,0.0,0.0,0.0,0.0,ou_mean_reversion
2025-09-03,0.0,0.0,0.0,0.0,ma_crossover
2025-09-04,0.0,0.0,0.0,0.0,momentum_accel
2025-09-05,0.0,0.0,0.0,0.0,ou_mean_reversion
2025-09-08,0.0,0.0,0.0,0.0,ma_crossover
2025-09-09,0.0,0.0,0.0,0.0,momentum_accel
2025-09-10,0.0,0.0,0.0,0.0,ou_mean_reversion
2025-09-11,0.0,0.0,0.0,0.0,ma_crossover
2025-09-12,0.0,0.0,0.0,0.0,momentum_accel
2025-09-15,0.0,0.0,0.0,0.0,ou_mean_reversion
2025-09-16,0.0,0.0,0.0,0.0,ma_crossover
2025-09-17,0.0,0.0,0.0,0.0,momentum_accel
2025-09-18,0.0,0.0,0.0,0.0,ou_mean_reversion
2025-09-19,0.0,0.0,0.0,0.0,ma_crossover
2025-09-22,0.0,0.0,0.0,0.0,momentum_accel
2025-09-23,0.0,0.0,0.0,0.0,ou_mean_reversion
2025-09-24,0.0,0.0,0.0,0.0,ma_crossover
2025-09-25,0.0,0.0,0.0,0.0,momentum_accel
2025-09-26,0.0,0.0,0.0,0.0,ou_mean_reversion
2025-09-29,0.0,0.0,0.0,0.0,ma_crossover
2025-09-30,0.0,0.0,0.0,0.0,momentum_accel
2025-10-01,0.0,0.0,0.0,0.0,ou_mean_reversion
2025-10-02,0.0,0.0,0.0,0.0,ma_crossover
2025-10-03,0.0,0.0,0.0,0.0,momentum_accel
2025-10-06,0.0,0.0,0.0,0.0,ou_mean_reversion
2025-10-07,0.0,0.0,0.0,0.0,ma_crossover
2025-10-08,0.0,0.0,0.0,0.0,momentum_accel
2025-10-09,0.0,0.0,0.0,0.0,ou_mean_reversion
2025-10-10,0.0,0.0,0.0,0.0,ma_crossover
2025-10-13,0.0,0.0,0.0,0.0,momentum_accel
2025-10-14,0.0,0.0,0.0,0.0,ou_mean_reversion
2025-10-15,0.0,0.0,0.0,0.0,ma_crossover
2025-10-16,0.0,0.0,0.0,0.0,momentum_accel
2025-10-17,0.0,0.0,0.0,0.0,ou_mean_reversion
2025-10-20,0.0,0.0,0.0,0.0,ma_crossover
2025-10-21,0.0,0.0,0.0,0.0,momentum_accel
2025-10-22,0.0,0.0,0.0,0.0,ou_mean_reversion
2025-10-23,2.220446049250313e-16,0.0,0.0,2.220446049250313e-16,ma_crossover
2025-10-24,0.008172547246994233,0.0,0.0,0.0,momentum_accel
2025-10-27,0.011797667854154481,0.0,0.0,0.0,ou_mean_reversion
2025-10-28,0.0026560013293417395,0.0,0.0,0.0026560013293417395,ma_crossover
2025-10-29,0.0004803260549917088,0.0,0.0,0.0,momentum_accel
2025-10-30,-0.010998113191975412,0.0,0.0,0.0,ou_mean_reversion
2025-10-31,0.0032802609226212365,0.0,0.0,0.0032802609226212365,ma_crossover
2025-11-03,0.0018766915803416495,0.0,0.0,0.0,momentum_accel
2025-11-04,-0.011853595199364908,0.0,0.0,-0.011853595199364908,ma_crossover
2025-11-05,0.0034654701338947547,0.0,0.0,0.0,ou_mean_reversion
2025-11-06,-0.01072938225079989,0.0,0.0,0.0,momentum_accel
2025-11-07,0.0009845659402547557,0.0,0.0,0.0,ou_mean_reversion
2025-11-10,0.015604358228426873,0.0,0.0,0.015604358228426873,ma_crossover
2025-11-11,0.0022892033827075497,0.0,0.0,0.0022892033827075497,ma_crossover
2025-11-12,0.0005564068664265509,0.0,0.0,0.0,momentum_accel
2025-11-13,-0.016594062566875123,0.0,0.0,0.0,ou_mean_reversion
2025-11-14,-0.00016359600781934436,0.0,0.0,-0.00016359600781934436,ma_crossover
2025-11-17,-0.00931647678629377,0.0,0.0,0.0,momentum_accel
2025-11-18,-0.008397487448470353,0.0,0.0,0.0,ou_mean_reversion
2025-11-19,0.003863157638070769,0.0,0.0,0.003863157638070769,ma_crossover
2025-11-20,-0.015242303487205344,-0.015242303487205233,0.0,0.0,momentum_accel
2025-11-21,0.009961204755788655,0.009961204755788877,0.0,0.009961204755788877,ou_mean_reversion
2025-11-24,0.01471854780767723,0.01471854780767723,0.0,0.01471854780767723,ma_crossover
2025-11-25,0.009405913041440561,0.009405913041440561,0.0,0.009405913041440561,ou_mean_reversion
2025-11-26,0.006903544626642555,0.006903544626642555,0.0,0.0,momentum_accel
2025-11-28,0.00545840073597037,0.0,0.0,0.00545840073597037,ma_crossover
2025-12-01,-0.0045654324911403865,0.0,0.0,0.0,ou_mean_reversion
2025-12-02,0.0018522039679531588,0.0,0.0,0.0,momentum_accel
2025-12-03,0.003462767968783531,0.0,0.0,0.003462767968783531,ma_crossover
2025-12-04,0.0007311238380223184,0.0,0.0007311238380223184,0.0,ou_mean_reversion
2025-12-05,0.0018994616283518617,0.0,0.0018994616283518617,0.0018994616283518617,momentum_accel
2025-12-08,-0.0030042193520714022,0.0,0.0,-0.0030042193520714022,ma_crossover
2025-12-09,-0.0008631222747692568,0.0,-0.0008631222747692568,0.0,ou_mean_reversion
2025-12-10,0.006632218302330406,0.0,0.0,0.0,momentum_accel
2025-12-11,0.002326931778130037,0.0,0.0,0.002326931778130037,ma_crossover
2025-12-12,-0.010751997629447785,0.0,0.0,0.0,ou_mean_reversion
2025-12-15,-0.0015108134140597862,0.0,0.0,0.0,momentum_accel
2025-12-16,-0.0027323197983206704,0.0,0.0,-0.0027323197983206704,ma_crossover
2025-12-17,-0.011003588240185769,0.0,0.0,0.0,ou_mean_reversion
2025-12-18,0.0075512802966082315,0.0,0.0,0.0,momentum_accel
2025-12-19,0.009063465160007445,0.0,0.0,0.009063465160007445,ma_crossover
2025-12-22,0.006229874178277139,0.0,0.0,0.0,ou_mean_reversion
2025-12-23,0.004570484360777671,0.0,0.0,0.0,momentum_accel
2025-12-24,0.0035176214210250745,0.0,0.0,0.0035176214210250745,ma_crossover
2025-12-26,-0.00010140404372216416,0.0,0.0,0.0,ou_mean_reversion
2025-12-29,-0.0035636481890749527,0.0,0.0,0.0,momentum_accel
2025-12-30,-0.0012211468345034726,0.0,0.0,-0.0012211468345034726,ma_crossover
2025-12-31,-0.007408955885717883,0.0,0.0,0.0,ou_mean_reversion
2026-01-02,0.0018330596423723478,0.0,0.0,0.0,momentum_accel
2026-01-05,0.006660110816809839,0.0,0.0,0.006660110816809839,ma_crossover
2026-01-06,0.005947227112393705,0.0,0.0,0.0,ou_mean_reversion
2026-01-07,-0.0032234001773169263,0.0,0.0,0.0,momentum_accel
2026-01-08,-0.00010152168343768864,0.0,0.0,-0.00010152168343768864,ma_crossover
2026-01-09,0.0066133884845995805,0.0,0.0,0.0,ou_mean_reversion
2026-01-12,0.0,0.0,0.0,0.0,momentum_accel
2026-01-13,0.0,0.0,0.0,0.0,ma_crossover
2026-01-14,0.0,0.0,0.0,0.0,ou_mean_reversion
2026-01-15,0.0,0.0,0.0,0.0,momentum_accel
2026-01-16,0.0,0.0,0.0,0.0,ma_crossover
2026-01-20,0.0,0.0,0.0,0.0,ou_mean_reversion
2026-01-21,0.0,0.0,0.0,0.0,momentum_accel
2026-01-22,0.0,0.0,0.0,0.0,ma_crossover
2026-01-23,0.0,0.0,0.0,0.0,ou_mean_reversion
2026-01-26,0.0,0.0,0.0,0.0,momentum_accel
2026-01-27,0.0,0.0,0.0,0.0,ma_crossover
2026-01-28,0.0,0.0,0.0,0.0,ou_mean_reversion
2026-01-29,0.0,0.0,0.0,0.0,momentum_accel
2026-01-30,0.0,0.0,0.0,0.0,ma_crossover
2026-02-02,0.0,0.0,0.0,0.0,ou_mean_reversion
2026-02-03,0.0,0.0,0.0,0.0,momentum_accel
2026-02-04,0.0,0.0,0.0,0.0,ma_crossover
2026-02-05,0.0,0.0,0.0,0.0,ou_mean_reversion
2026-02-06,0.0,0.0,0.0,0.0,momentum_accel
2026-02-09,0.0,0.0,0.0,0.0,ma_crossover
2026-02-10,0.0,0.0,0.0,0.0,ou_mean_reversion
2026-02-11,0.0,0.0,0.0,0.0,momentum_accel
2026-02-12,0.0,0.0,0.0,0.0,ma_crossover
2026-02-13,0.0,0.0,0.0,0.0,ou_mean_reversion
