Date,equity,ensemble_return,chosen
2020-01-06,10000.0,0.0,ma_crossover
2020-01-07,10000.0,0.0,ou_mean_reversion
2020-01-08,10000.0,0.0,momentum_accel
2020-01-09,10000.0,0.0,ma_crossover
2020-01-10,10000.0,0.0,ou_mean_reversion
2020-01-13,10000.0,0.0,momentum_accel
2020-01-14,10000.0,0.0,ma_crossover
2020-01-15,10000.0,0.0,ou_mean_reversion
2020-01-16,10000.0,0.0,momentum_accel
2020-01-17,10000.0,0.0,ma_crossover
2020-01-21,10000.0,0.0,ou_mean_reversion
2020-01-22,10000.0,0.0,momentum_accel
2020-01-23,10000.0,0.0,ma_crossover
2020-01-24,10000.0,0.0,ou_mean_reversion
2020-01-27,10000.0,0.0,momentum_accel
2020-01-28,10000.0,0.0,ma_crossover
2020-01-29,10000.0,0.0,ou_mean_reversion
2020-01-30,10000.0,0.0,momentum_accel
2020-01-31,10000.0,0.0,ma_crossover
2020-02-03,10000.0,0.0,ou_mean_reversion
2020-02-04,10000.0,0.0,momentum_accel
2020-02-05,10000.0,0.0,ma_crossover
2020-02-06,10000.0,0.0,ou_mean_reversion
2020-02-07,10000.0,0.0,momentum_accel
2020-02-10,10000.0,0.0,ma_crossover
2020-02-11,10000.0,0.0,ou_mean_reversion
2020-02-12,10000.0,0.0,momentum_accel
2020-02-13,10000.0,0.0,ma_crossover
2020-02-14,10000.0,0.0,ou_mean_reversion
2020-02-18,10000.0,0.0,momentum_accel
2020-02-19,10000.0,0.0,ma_crossover
2020-02-20,10000.0,0.0,ou_mean_reversion
2020-02-21,10000.0,0.0,momentum_accel
2020-02-24,10000.0,0.0,ma_crossover
2020-02-25,10000.0,0.0,ou_mean_reversion
2020-02-26,10000.0,0.0,momentum_accel
2020-02-27,10000.0,0.0,ma_crossover
2020-02-28,10000.0,0.0,ou_mean_reversion
2020-03-02,10000.0,0.0,momentum_accel
2020-03-03,10000.0,0.0,ma_crossover
2020-03-04,10000.0,0.0,ou_mean_reversion
2020-03-05,10000.0,0.0,momentum_accel
2020-03-06,10000.0,0.0,ma_crossover
2020-03-09,10000.0,0.0,ou_mean_reversion
2020-03-10,10000.0,0.0,momentum_accel
2020-03-11,10000.0,0.0,ma_crossover
2020-03-12,10000.0,0.0,ou_mean_reversion
2020-03-13,10000.0,0.0,momentum_accel
2020-03-16,10000.0,0.0,ma_crossover
2020-03-17,10000.0,0.0,ou_mean_reversion
2020-03-18,10000.0,0.0,momentum_accel
2020-03-19,10000.0,0.0,ma_crossover
2020-03-20,9569.057347739135,-0.04309426522608639,ou_mean_reversion
2020-03-23,9569.057347739135,0.0,momentum_accel
2020-03-24,9569.057347739135,0.0,ma_crossover
2020-03-25,9569.057347739135,0.0,momentum_accel
2020-03-26,10127.795681994367,0.05839011241658443,ou_mean_reversion
2020-03-27,9826.130487852213,-0.029785868871591514,ou_mean_reversion
2020-03-30,9826.130487852213,0.0,ma_crossover
2020-03-31,9826.130487852213,0.0,momentum_accel
2020-04-01,9826.130487852213,0.0,ma_crossover
2020-04-02,9826.130487852213,0.0,momentum_accel
2020-04-03,9684.100964398536,-0.01445426799789229,ou_mean_reversion
2020-04-06,9684.100964398536,0.0,ma_crossover
2020-04-07,9684.100964398536,0.0,momentum_accel
2020-04-08,10009.178935033668,0.03356821369688401,ou_mean_reversion
2020-04-09,10161.49595301776,0.015217733539657274,ou_mean_reversion
2020-04-13,10161.49595301776,0.0,ma_crossover
2020-04-14,10161.49595301776,0.0,momentum_accel
2020-04-15,9945.585692446566,-0.021247881371942445,ou_mean_reversion
2020-04-16,9945.585692446566,0.0,ma_crossover
2020-04-17,9945.585692446566,0.0,momentum_accel
2020-04-20,9945.585692446566,0.0,ma_crossover
2020-04-21,9945.585692446566,0.0,momentum_accel
2020-04-22,9945.585692446566,0.0,ou_mean_reversion
2020-04-23,9945.585692446566,0.0,ma_crossover
2020-04-24,9945.585692446566,0.0,momentum_accel
2020-04-27,9945.585692446566,0.0,ou_mean_reversion
2020-04-28,9945.585692446566,0.0,ma_crossover
2020-04-29,9945.585692446566,0.0,momentum_accel
2020-04-30,9945.585692446566,0.0,ou_mean_reversion
2020-05-01,9945.585692446566,0.0,ma_crossover
2020-05-04,9945.585692446566,0.0,momentum_accel
2020-05-05,9945.585692446566,0.0,ou_mean_reversion
2020-05-06,9878.1682153339,-0.006778633174300386,ma_crossover
2020-05-07,9878.1682153339,0.0,momentum_accel
2020-05-08,9878.1682153339,0.0,ou_mean_reversion
2020-05-11,9878.1682153339,0.0,momentum_accel
2020-05-12,9878.1682153339,0.0,ou_mean_reversion
2020-05-13,9703.463548068341,-0.017685937661434448,ma_crossover
2020-05-14,9703.463548068341,0.0,momentum_accel
2020-05-15,9703.463548068341,0.0,ou_mean_reversion
2020-05-18,9999.029674835621,0.030459858513728122,ma_crossover
2020-05-19,9896.327796221929,-0.01027118450024811,ma_crossover
2020-05-20,9896.327796221929,0.0,momentum_accel
2020-05-21,9896.327796221929,0.0,ou_mean_reversion
2020-05-22,9896.327796221929,0.0,momentum_accel
2020-05-26,9896.327796221929,0.0,ou_mean_reversion
2020-05-27,10043.571983678039,0.014878669188011617,ma_crossover
2020-05-28,10025.04663707704,-0.0018444978172212911,ma_crossover
2020-05-29,10025.04663707704,0.0,momentum_accel
2020-06-01,10025.04663707704,0.0,ou_mean_reversion
2020-06-02,10108.055502870297,0.008280147594152298,ma_crossover
2020-06-03,10108.055502870297,0.0,momentum_accel
2020-06-04,10108.055502870297,0.0,ou_mean_reversion
2020-06-05,10367.121350983329,0.025629642421281407,ma_crossover
2020-06-08,10367.121350983329,0.0,momentum_accel
2020-06-09,10367.121350983329,0.0,ou_mean_reversion
2020-06-10,10309.273183414998,-0.005579964351709155,ma_crossover
2020-06-11,10309.273183414998,0.0,momentum_accel
2020-06-12,10309.273183414998,0.0,ou_mean_reversion
2020-06-15,10405.513347623346,0.009335300607143937,ma_crossover
2020-06-16,10405.513347623346,0.0,momentum_accel
2020-06-17,10405.513347623346,0.0,ou_mean_reversion
2020-06-18,10409.515990654725,0.0003846655996355697,ma_crossover
2020-06-19,10409.515990654725,0.0,momentum_accel
2020-06-22,10409.515990654725,0.0,ou_mean_reversion
2020-06-23,10457.441852587193,0.004604043259599511,ma_crossover
2020-06-24,10457.441852587193,0.0,momentum_accel
2020-06-25,10457.441852587193,0.0,ou_mean_reversion
2020-06-26,10209.060755796445,-0.023751611559694963,ma_crossover
2020-06-29,10209.060755796445,0.0,momentum_accel
2020-06-30,10209.060755796445,0.0,ou_mean_reversion
2020-07-01,10280.572461610653,0.00700472918369166,ma_crossover
2020-07-02,10280.572461610653,0.0,momentum_accel
2020-07-06,10280.572461610653,0.0,ou_mean_reversion
2020-07-07,10280.572461610653,0.0,ma_crossover
2020-07-08,10280.572461610653,0.0,momentum_accel
2020-07-09,10280.572461610653,0.0,ou_mean_reversion
2020-07-10,10280.572461610653,0.0,ma_crossover
2020-07-13,10280.572461610653,0.0,momentum_accel
2020-07-14,10280.572461610653,0.0,ou_mean_reversion
2020-07-15,10280.572461610653,0.0,ma_crossover
2020-07-16,10280.572461610653,0.0,momentum_accel
2020-07-17,10280.572461610653,0.0,ou_mean_reversion
2020-07-20,10280.572461610653,0.0,ma_crossover
2020-07-21,10280.572461610653,0.0,momentum_accel
2020-07-22,10280.572461610653,0.0,ou_mean_reversion
2020-07-23,10280.572461610653,0.0,ma_crossover
2020-07-24,10280.572461610653,0.0,momentum_accel
2020-07-27,10280.572461610653,0.0,ou_mean_reversion
2020-07-28,10280.572461610653,0.0,ma_crossover
2020-07-29,10280.572461610653,0.0,momentum_accel
2020-07-30,10280.572461610653,0.0,ou_mean_reversion
2020-07-31,10280.572461610653,0.0,ma_crossover
2020-08-03,10280.572461610653,0.0,momentum_accel
2020-08-04,10280.572461610653,0.0,ou_mean_reversion
2020-08-05,10280.572461610653,0.0,ma_crossover
2020-08-06,10280.572461610653,0.0,momentum_accel
2020-08-07,10280.572461610653,0.0,ou_mean_reversion
2020-08-10,10280.572461610653,0.0,ma_crossover
2020-08-11,10280.572461610653,0.0,momentum_accel
2020-08-12,10280.572461610653,0.0,ou_mean_reversion
2020-08-13,10280.572461610653,0.0,ma_crossover
2020-08-14,10280.572461610653,0.0,momentum_accel
2020-08-17,10280.572461610653,0.0,ou_mean_reversion
2020-08-18,10280.572461610653,0.0,ma_crossover
2020-08-19,10280.572461610653,0.0,momentum_accel
2020-08-20,10280.572461610653,0.0,ou_mean_reversion
2020-08-21,10280.572461610653,0.0,ma_crossover
2020-08-24,10280.572461610653,0.0,momentum_accel
2020-08-25,10280.572461610653,0.0,ou_mean_reversion
2020-08-26,10280.572461610653,0.0,ma_crossover
2020-08-27,10280.572461610653,0.0,momentum_accel
2020-08-28,10280.572461610653,0.0,ou_mean_reversion
2020-08-31,10280.572461610653,0.0,ma_crossover
2020-09-01,10280.572461610653,0.0,momentum_accel
2020-09-02,10280.572461610653,0.0,ou_mean_reversion
2020-09-03,10280.572461610653,0.0,ma_crossover
2020-09-04,10280.572461610653,0.0,momentum_accel
2020-09-08,10280.572461610653,0.0,ou_mean_reversion
2020-09-09,10280.572461610653,0.0,ma_crossover
2020-09-10,10280.572461610653,0.0,momentum_accel
2020-09-11,10280.572461610653,0.0,ou_mean_reversion
2020-09-14,10280.572461610653,0.0,ma_crossover
2020-09-15,10280.572461610653,0.0,momentum_accel
2020-09-16,10280.572461610653,0.0,ou_mean_reversion
2020-09-17,10190.152362262377,-0.008795239728713544,ma_crossover
2020-09-18,10190.152362262377,0.0,momentum_accel
2020-09-21,10190.152362262377,0.0,ou_mean_reversion
2020-09-22,10293.93089141908,0.010184197985206866,ma_crossover
2020-09-23,10293.93089141908,0.0,momentum_accel
2020-09-24,10293.93089141908,0.0,ou_mean_reversion
2020-09-25,10460.35417655729,0.016167126717057778,ma_crossover
2020-09-28,10460.35417655729,0.0,momentum_accel
2020-09-29,10460.35417655729,0.0,ou_mean_reversion
2020-09-30,10539.665766229853,0.007582113218528308,ma_crossover
2020-10-01,10539.665766229853,0.0,momentum_accel
2020-10-02,10539.665766229853,0.0,ou_mean_reversion
2020-10-05,10539.665766229853,0.0,ma_crossover
2020-10-06,10539.665766229853,0.0,momentum_accel
2020-10-07,10539.665766229853,0.0,ou_mean_reversion
2020-10-08,10539.665766229853,0.0,ma_crossover
2020-10-09,10539.665766229853,0.0,momentum_accel
2020-10-12,10539.665766229853,0.0,ou_mean_reversion
2020-10-13,10539.665766229853,0.0,ma_crossover
2020-10-14,10539.665766229853,0.0,momentum_accel
2020-10-15,10539.665766229853,0.0,ou_mean_reversion
2020-10-16,10539.665766229853,0.0,ma_crossover
2020-10-19,10539.665766229853,0.0,momentum_accel
2020-10-20,10539.665766229853,0.0,ou_mean_reversion
2020-10-21,10539.665766229853,0.0,ma_crossover
2020-10-22,10539.665766229853,0.0,momentum_accel
2020-10-23,10539.665766229853,0.0,ou_mean_reversion
2020-10-26,10344.892848387604,-0.01847998998851763,ma_crossover
2020-10-27,10344.892848387604,0.0,momentum_accel
2020-10-28,10344.892848387604,0.0,ou_mean_reversion
2020-10-29,10450.030145514693,0.010163207939217767,ma_crossover
2020-10-30,10450.030145514693,0.0,momentum_accel
2020-11-02,10450.030145514693,0.0,ou_mean_reversion
2020-11-03,10634.53235016486,0.017655662431687702,ma_crossover
2020-11-04,10634.53235016486,0.0,momentum_accel
2020-11-05,10634.53235016486,0.0,ou_mean_reversion
2020-11-06,10632.102932212218,-0.00022844614813799513,ma_crossover
2020-11-09,10632.102932212218,0.0,momentum_accel
2020-11-10,10632.102932212218,0.0,ou_mean_reversion
2020-11-11,10711.083545991227,0.007428503493859262,ma_crossover
2020-11-12,10711.083545991227,0.0,momentum_accel
2020-11-13,10711.083545991227,0.0,ou_mean_reversion
2020-11-16,10844.786438227526,0.012482667291521476,ma_crossover
2020-11-17,10844.786438227526,0.0,momentum_accel
2020-11-18,10844.786438227526,0.0,ou_mean_reversion
2020-11-19,10890.445381131032,0.004210220566682743,ma_crossover
2020-11-20,10890.445381131032,0.0,momentum_accel
2020-11-23,10890.445381131032,0.0,ou_mean_reversion
2020-11-24,11065.92873070239,0.01611351450101406,ma_crossover
2020-11-25,11065.92873070239,0.0,momentum_accel
2020-11-27,11065.92873070239,0.0,ou_mean_reversion
2020-11-30,11016.938761498493,-0.004427099649392696,ma_crossover
2020-12-01,11016.938761498493,0.0,momentum_accel
2020-12-02,11016.938761498493,0.0,ou_mean_reversion
2020-12-03,11013.937944563539,-0.00027238210177238376,ma_crossover
2020-12-04,11013.937944563539,0.0,momentum_accel
2020-12-07,11013.937944563539,0.0,ou_mean_reversion
2020-12-08,11046.167000507436,0.0029262064219097716,ma_crossover
2020-12-09,11046.167000507436,0.0,momentum_accel
2020-12-10,11046.167000507436,0.0,ou_mean_reversion
2020-12-11,11033.213195616616,-0.0011726968178396024,ma_crossover
2020-12-14,11033.213195616616,0.0,momentum_accel
2020-12-15,11033.213195616616,0.0,ou_mean_reversion
2020-12-16,11050.525899039498,0.001569144284256252,ma_crossover
2020-12-17,11050.525899039498,0.0,momentum_accel
2020-12-18,11050.525899039498,0.0,ou_mean_reversion
2020-12-21,11011.014207180257,-0.003575548550379559,ma_crossover
2020-12-22,11011.014207180257,0.0,momentum_accel
2020-12-23,11011.014207180257,0.0,ou_mean_reversion
2020-12-24,11053.849608212802,0.003890232110009828,ma_crossover
2020-12-28,11053.849608212802,0.0,momentum_accel
2020-12-29,11053.849608212802,0.0,ou_mean_reversion
2020-12-30,11069.621539942811,0.0014268270592618926,ma_crossover
2020-12-31,11069.621539942811,0.0,momentum_accel
2021-01-04,11069.621539942811,0.0,ou_mean_reversion
2021-01-05,11145.865370595913,0.006887663718040393,ma_crossover
2021-01-06,11145.865370595913,0.0,momentum_accel
2021-01-07,11145.865370595913,0.0,ou_mean_reversion
2021-01-08,11145.865370595913,0.0,ma_crossover
2021-01-11,11145.865370595913,0.0,momentum_accel
2021-01-12,11145.865370595913,0.0,ou_mean_reversion
2021-01-13,11145.865370595913,0.0,ma_crossover
2021-01-14,11145.865370595913,0.0,momentum_accel
2021-01-15,11145.865370595913,0.0,ou_mean_reversion
2021-01-19,11145.865370595913,0.0,ma_crossover
2021-01-20,11145.865370595913,0.0,momentum_accel
2021-01-21,11145.865370595913,0.0,ou_mean_reversion
2021-01-22,11145.865370595913,0.0,ma_crossover
2021-01-25,11145.865370595913,0.0,momentum_accel
2021-01-26,11145.865370595913,0.0,ou_mean_reversion
2021-01-27,11145.865370595913,0.0,ma_crossover
2021-01-28,11145.865370595913,0.0,momentum_accel
2021-01-29,11145.865370595913,0.0,ou_mean_reversion
2021-02-01,11145.865370595913,0.0,ma_crossover
2021-02-02,11145.865370595913,0.0,momentum_accel
2021-02-03,11145.865370595913,0.0,ou_mean_reversion
2021-02-04,11145.865370595913,0.0,ma_crossover
2021-02-05,11145.865370595913,0.0,momentum_accel
2021-02-08,11145.865370595913,0.0,ou_mean_reversion
2021-02-09,11145.865370595913,0.0,ma_crossover
2021-02-10,11145.865370595913,0.0,momentum_accel
2021-02-11,11145.865370595913,0.0,ou_mean_reversion
2021-02-12,11145.865370595913,0.0,ma_crossover
2021-02-16,11145.865370595913,0.0,momentum_accel
2021-02-17,11145.865370595913,0.0,ou_mean_reversion
2021-02-18,11145.865370595913,0.0,ma_crossover
2021-02-19,11145.865370595913,0.0,momentum_accel
2021-02-22,11145.865370595913,0.0,ou_mean_reversion
2021-02-23,11145.865370595913,0.0,ma_crossover
2021-02-24,11145.865370595913,0.0,momentum_accel
2021-02-25,11145.865370595913,0.0,ou_mean_reversion
2021-02-26,11145.865370595913,0.0,ma_crossover
2021-03-01,11145.865370595913,0.0,momentum_accel
2021-03-02,11145.865370595913,0.0,ou_mean_reversion
2021-03-03,11145.865370595913,0.0,ma_crossover
2021-03-04,11145.865370595913,0.0,momentum_accel
2021-03-05,11145.865370595913,0.0,ou_mean_reversion
2021-03-08,11145.865370595913,0.0,ma_crossover
2021-03-09,11145.865370595913,0.0,momentum_accel
2021-03-10,11145.865370595913,0.0,ou_mean_reversion
2021-03-11,11145.865370595913,0.0,ma_crossover
2021-03-12,11145.865370595913,0.0,momentum_accel
2021-03-15,11145.865370595913,0.0,ou_mean_reversion
2021-03-16,11145.865370595913,0.0,ma_crossover
2021-03-17,11145.865370595913,0.0,momentum_accel
2021-03-18,11145.865370595913,0.0,ou_mean_reversion
2021-03-19,11125.24282270205,-0.0018502419693914307,ma_crossover
2021-03-22,11125.24282270205,0.0,momentum_accel
2021-03-23,11125.24282270205,0.0,ou_mean_reversion
2021-03-24,11068.688227346016,-0.005083448177924832,ma_crossover
2021-03-25,11068.688227346016,0.0,momentum_accel
2021-03-26,11068.688227346016,0.0,ou_mean_reversion
2021-03-29,11063.097395611756,-0.0005051033708264319,ma_crossover
2021-03-30,11063.097395611756,0.0,momentum_accel
2021-03-31,11063.097395611756,0.0,ou_mean_reversion
2021-04-01,11182.56953726797,0.01079915844396373,ma_crossover
2021-04-05,11182.56953726797,0.0,momentum_accel
2021-04-06,11182.56953726797,0.0,ou_mean_reversion
2021-04-07,11195.510586622291,0.0011572518562206202,ma_crossover
2021-04-08,11195.510586622291,0.0,momentum_accel
2021-04-09,11195.510586622291,0.0,ou_mean_reversion
2021-04-12,11199.592338878152,0.00036458830745411674,ma_crossover
2021-04-13,11199.592338878152,0.0,momentum_accel
2021-04-14,11199.592338878152,0.0,ou_mean_reversion
2021-04-15,11319.903509550506,0.010742459817461913,ma_crossover
2021-04-16,11319.903509550506,0.0,momentum_accel
2021-04-19,11319.903509550506,0.0,ou_mean_reversion
2021-04-20,11237.024233462602,-0.007321553228610056,ma_crossover
2021-04-21,11237.024233462602,0.0,momentum_accel
2021-04-22,11237.024233462602,0.0,ou_mean_reversion
2021-04-23,11358.862548979252,0.010842578336160313,ma_crossover
2021-04-26,11358.862548979252,0.0,momentum_accel
2021-04-27,11358.862548979252,0.0,ou_mean_reversion
2021-04-28,11355.600187293532,-0.0002872084833892563,ma_crossover
2021-04-29,11355.600187293532,0.0,momentum_accel
2021-04-30,11355.600187293532,0.0,ou_mean_reversion
2021-05-03,11380.094162063813,0.0021569951712185897,ma_crossover
2021-05-04,11380.094162063813,0.0,momentum_accel
2021-05-05,11380.094162063813,0.0,ou_mean_reversion
2021-05-06,11470.973129961529,0.007985783474504515,ma_crossover
2021-05-07,11470.973129961529,0.0,momentum_accel
2021-05-10,11470.973129961529,0.0,ou_mean_reversion
2021-05-11,11368.59649664588,-0.0089248429192329,ma_crossover
2021-05-12,11368.59649664588,0.0,momentum_accel
2021-05-13,11368.59649664588,0.0,ou_mean_reversion
2021-05-14,11543.165898163348,0.015355404826705943,ma_crossover
2021-05-17,11543.165898163348,0.0,momentum_accel
2021-05-18,11543.165898163348,0.0,ou_mean_reversion
2021-05-19,11512.900337162182,-0.0026219462899672585,ma_crossover
2021-05-20,11512.900337162182,0.0,momentum_accel
2021-05-21,11512.900337162182,0.0,ou_mean_reversion
2021-05-24,11630.265970830103,0.010194271663160226,ma_crossover
2021-05-25,11604.461480100303,-0.00221873608002765,ma_crossover
2021-05-26,11604.461480100303,0.0,momentum_accel
2021-05-27,11604.461480100303,0.0,ou_mean_reversion
2021-05-28,11604.461480100303,0.0,momentum_accel
2021-06-01,11604.461480100303,0.0,ou_mean_reversion
2021-06-02,11622.708423757156,0.0015724076199608028,ma_crossover
2021-06-03,11579.57477900888,-0.0037111526139732565,ma_crossover
2021-06-04,11579.57477900888,0.0,momentum_accel
2021-06-07,11579.57477900888,0.0,ou_mean_reversion
2021-06-08,11579.57477900888,0.0,momentum_accel
2021-06-09,11579.57477900888,0.0,ou_mean_reversion
2021-06-10,11633.402111867728,0.004648472321835406,ma_crossover
2021-06-11,11652.626031477348,0.001652476156567273,ma_crossover
2021-06-14,11652.626031477348,0.0,momentum_accel
2021-06-15,11652.626031477348,0.0,ou_mean_reversion
2021-06-16,11587.563537984628,-0.005583504809728357,ma_crossover
2021-06-17,11587.563537984628,0.0,momentum_accel
2021-06-18,11587.563537984628,0.0,ou_mean_reversion
2021-06-21,11587.563537984628,0.0,momentum_accel
2021-06-22,11649.515030256938,0.005346377784184675,ma_crossover
2021-06-23,11649.515030256938,0.0,ou_mean_reversion
2021-06-24,11718.430908108723,0.005915772259428076,ma_crossover
2021-06-25,11718.430908108723,0.0,momentum_accel
2021-06-28,11718.430908108723,0.0,ou_mean_reversion
2021-06-29,11724.735638556238,0.0005380183146492801,ma_crossover
2021-06-30,11724.735638556238,0.0,momentum_accel
2021-07-01,11724.735638556238,0.0,ou_mean_reversion
2021-07-02,11814.353045987651,0.00764344802254735,ma_crossover
2021-07-06,11814.353045987651,0.0,momentum_accel
2021-07-07,11814.353045987651,0.0,ou_mean_reversion
2021-07-08,11814.353045987651,0.0,ma_crossover
2021-07-09,11814.353045987651,0.0,momentum_accel
2021-07-12,11814.353045987651,0.0,ou_mean_reversion
2021-07-13,11814.353045987651,0.0,ma_crossover
2021-07-14,11814.353045987651,0.0,momentum_accel
2021-07-15,11814.353045987651,0.0,ou_mean_reversion
2021-07-16,11814.353045987651,0.0,ma_crossover
2021-07-19,11814.353045987651,0.0,momentum_accel
2021-07-20,11814.353045987651,0.0,ou_mean_reversion
2021-07-21,11814.353045987651,0.0,ma_crossover
2021-07-22,11814.353045987651,0.0,momentum_accel
2021-07-23,11814.353045987651,0.0,ou_mean_reversion
2021-07-26,11814.353045987651,0.0,ma_crossover
2021-07-27,11814.353045987651,0.0,momentum_accel
2021-07-28,11814.353045987651,0.0,ou_mean_reversion
2021-07-29,11814.353045987651,0.0,ma_crossover
2021-07-30,11814.353045987651,0.0,momentum_accel
2021-08-02,11814.353045987651,0.0,ou_mean_reversion
2021-08-03,11814.353045987651,0.0,ma_crossover
2021-08-04,11814.353045987651,0.0,momentum_accel
2021-08-05,11814.353045987651,0.0,ou_mean_reversion
2021-08-06,11814.353045987651,0.0,ma_crossover
2021-08-09,11814.353045987651,0.0,momentum_accel
2021-08-10,11814.353045987651,0.0,ou_mean_reversion
2021-08-11,11814.353045987651,0.0,ma_crossover
2021-08-12,11814.353045987651,0.0,momentum_accel
2021-08-13,11814.353045987651,0.0,ou_mean_reversion
2021-08-16,11814.353045987651,0.0,ma_crossover
2021-08-17,11814.353045987651,0.0,momentum_accel
2021-08-18,11814.353045987651,0.0,ou_mean_reversion
2021-08-19,11814.353045987651,0.0,ma_crossover
2021-08-20,11814.353045987651,0.0,momentum_accel
2021-08-23,11814.353045987651,0.0,ou_mean_reversion
2021-08-24,11814.353045987651,0.0,ma_crossover
2021-08-25,11814.353045987651,0.0,momentum_accel
2021-08-26,11814.353045987651,0.0,ou_mean_reversion
2021-08-27,11814.353045987651,0.0,ma_crossover
2021-08-30,11814.353045987651,0.0,momentum_accel
2021-08-31,11814.353045987651,0.0,ou_mean_reversion
2021-09-01,11814.353045987651,0.0,ma_crossover
2021-09-02,11814.353045987651,0.0,momentum_accel
2021-09-03,11814.353045987651,0.0,ou_mean_reversion
2021-09-07,11814.353045987651,0.0,ma_crossover
2021-09-08,11814.353045987651,0.0,momentum_accel
2021-09-09,11814.353045987651,0.0,ou_mean_reversion
2021-09-10,11814.353045987651,0.0,ma_crossover
2021-09-13,11814.353045987651,0.0,momentum_accel
2021-09-14,11814.353045987651,0.0,ou_mean_reversion
2021-09-15,11814.353045987651,0.0,ma_crossover
2021-09-16,11814.353045987651,0.0,momentum_accel
2021-09-17,11814.353045987651,0.0,ou_mean_reversion
2021-09-20,11617.359697484082,-0.016674069899279997,ma_crossover
2021-09-21,11617.359697484082,0.0,momentum_accel
2021-09-22,11730.684911315617,0.009754816652193021,ou_mean_reversion
2021-09-23,11873.212924158279,0.012150016296591293,ma_crossover
2021-09-24,11892.771374760365,0.0016472753185694522,ou_mean_reversion
2021-09-27,11892.771374760365,0.0,momentum_accel
2021-09-28,11653.109013256282,-0.020151935486854677,ma_crossover
2021-09-29,11653.109013256282,0.0,ou_mean_reversion
2021-09-30,11653.109013256282,0.0,momentum_accel
2021-10-01,11791.596745387238,0.011884187470778462,ou_mean_reversion
2021-10-04,11639.531457089204,-0.012896072650849355,ma_crossover
2021-10-05,11639.531457089204,0.0,momentum_accel
2021-10-06,11687.909584045208,0.004156363779277195,ou_mean_reversion
2021-10-07,11687.909584045208,0.0,momentum_accel
2021-10-08,11687.909584045208,0.0,ma_crossover
2021-10-11,11603.293656257172,-0.007239611769716547,ou_mean_reversion
2021-10-12,11603.293656257172,0.0,momentum_accel
2021-10-13,11603.293656257172,0.0,ma_crossover
2021-10-14,11798.466962756356,0.016820509096909353,ou_mean_reversion
2021-10-15,11798.466962756356,0.0,momentum_accel
2021-10-18,11798.466962756356,0.0,ma_crossover
2021-10-19,11798.466962756356,0.0,ou_mean_reversion
2021-10-20,11798.466962756356,0.0,momentum_accel
2021-10-21,11798.466962756356,0.0,ma_crossover
2021-10-22,11798.466962756356,0.0,ou_mean_reversion
2021-10-25,11798.466962756356,0.0,momentum_accel
2021-10-26,11798.466962756356,0.0,ma_crossover
2021-10-27,11798.466962756356,0.0,ou_mean_reversion
2021-10-28,11798.466962756356,0.0,momentum_accel
2021-10-29,11798.466962756356,0.0,ma_crossover
2021-11-01,11798.466962756356,0.0,ou_mean_reversion
2021-11-02,11798.466962756356,0.0,momentum_accel
2021-11-03,11870.500513644265,0.006105331405791503,ma_crossover
2021-11-04,11870.500513644265,0.0,ou_mean_reversion
2021-11-05,11911.686182760679,0.0034695815116705386,ma_crossover
2021-11-08,11911.686182760679,0.0,momentum_accel
2021-11-09,11911.686182760679,0.0,ou_mean_reversion
2021-11-10,11815.860577094178,-0.008044671778306811,ma_crossover
2021-11-11,11815.860577094178,0.0,momentum_accel
2021-11-12,11815.860577094178,0.0,ou_mean_reversion
2021-11-15,11815.860577094178,0.0,momentum_accel
2021-11-16,11862.628285781051,0.003958045068468197,ma_crossover
2021-11-17,11862.628285781051,0.0,ou_mean_reversion
2021-11-18,11902.919637983196,0.0033964945399527213,ma_crossover
2021-11-19,11902.919637983196,0.0,momentum_accel
2021-11-22,11902.919637983196,0.0,ou_mean_reversion
2021-11-23,11918.70117647933,0.0013258544101879544,ma_crossover
2021-11-24,11918.70117647933,0.0,momentum_accel
2021-11-26,11918.70117647933,0.0,ou_mean_reversion
2021-11-29,12064.903151328934,0.012266602936410909,ma_crossover
2021-11-30,12064.903151328934,0.0,momentum_accel
2021-12-01,12064.903151328934,0.0,ou_mean_reversion
2021-12-02,12249.693140832655,0.015316325973438571,ma_crossover
2021-12-03,12249.693140832655,0.0,momentum_accel
2021-12-06,12394.770939207452,0.011843382255119606,ma_crossover
2021-12-07,12394.770939207452,0.0,ou_mean_reversion
2021-12-08,12394.770939207452,0.0,momentum_accel
2021-12-09,12311.085825616112,-0.0067516466421032595,ma_crossover
2021-12-10,12311.085825616112,0.0,ou_mean_reversion
2021-12-13,12311.085825616112,0.0,momentum_accel
2021-12-14,12226.383435982118,-0.006880172133781337,ma_crossover
2021-12-15,12226.383435982118,0.0,ou_mean_reversion
2021-12-16,12226.383435982118,0.0,momentum_accel
2021-12-17,12096.259843344154,-0.010642852264473368,ma_crossover
2021-12-20,12096.259843344154,0.0,ou_mean_reversion
2021-12-21,12096.259843344154,0.0,momentum_accel
2021-12-22,12096.259843344154,0.0,ou_mean_reversion
2021-12-23,12171.526105439647,0.00622227556866739,ma_crossover
2021-12-27,12171.526105439647,0.0,momentum_accel
2021-12-28,12171.526105439647,0.0,ou_mean_reversion
2021-12-29,12187.096032443722,0.0012792091040347842,ma_crossover
2021-12-30,12187.096032443722,0.0,momentum_accel
2021-12-31,12187.096032443722,0.0,ou_mean_reversion
2022-01-03,12257.65826852546,0.005789913847719763,ma_crossover
2022-01-04,12257.65826852546,0.0,momentum_accel
2022-01-05,12022.285585059413,-0.019202092137812654,ma_crossover
2022-01-06,12022.285585059413,0.0,ou_mean_reversion
2022-01-07,12022.285585059413,0.0,momentum_accel
2022-01-10,12022.285585059413,0.0,ou_mean_reversion
2022-01-11,12022.285585059413,0.0,ma_crossover
2022-01-12,12022.285585059413,0.0,momentum_accel
2022-01-13,12022.285585059413,0.0,ou_mean_reversion
2022-01-14,12022.285585059413,0.0,ma_crossover
2022-01-18,12022.285585059413,0.0,momentum_accel
2022-01-19,12022.285585059413,0.0,ou_mean_reversion
2022-01-20,12022.285585059413,0.0,ma_crossover
2022-01-21,12022.285585059413,0.0,momentum_accel
2022-01-24,12022.285585059413,0.0,ou_mean_reversion
2022-01-25,12022.285585059413,0.0,ma_crossover
2022-01-26,12022.285585059413,0.0,momentum_accel
2022-01-27,12022.285585059413,0.0,ou_mean_reversion
2022-01-28,12022.285585059413,0.0,ma_crossover
2022-01-31,12022.285585059413,0.0,momentum_accel
2022-02-01,12022.285585059413,0.0,ou_mean_reversion
2022-02-02,12022.285585059413,0.0,ma_crossover
2022-02-03,12022.285585059413,0.0,momentum_accel
2022-02-04,12022.285585059413,0.0,ou_mean_reversion
2022-02-07,12022.285585059413,0.0,ma_crossover
2022-02-08,12022.285585059413,0.0,momentum_accel
2022-02-09,12022.285585059413,0.0,ou_mean_reversion
2022-02-10,12022.285585059413,0.0,ma_crossover
2022-02-11,12022.285585059413,0.0,momentum_accel
2022-02-14,12022.285585059413,0.0,ou_mean_reversion
2022-02-15,12022.285585059413,0.0,ma_crossover
2022-02-16,12022.285585059413,0.0,momentum_accel
2022-02-17,12022.285585059413,0.0,ou_mean_reversion
2022-02-18,12022.285585059413,0.0,ma_crossover
2022-02-22,12022.285585059413,0.0,momentum_accel
2022-02-23,12022.285585059413,0.0,ou_mean_reversion
2022-02-24,12022.285585059413,0.0,ma_crossover
2022-02-25,12022.285585059413,0.0,momentum_accel
2022-02-28,12022.285585059413,0.0,ou_mean_reversion
2022-03-01,12022.285585059413,0.0,ma_crossover
2022-03-02,12022.285585059413,0.0,momentum_accel
2022-03-03,12022.285585059413,0.0,ou_mean_reversion
2022-03-04,12022.285585059413,0.0,ma_crossover
2022-03-07,12022.285585059413,0.0,momentum_accel
2022-03-08,12022.285585059413,0.0,ou_mean_reversion
2022-03-09,12022.285585059413,0.0,ma_crossover
2022-03-10,12022.285585059413,0.0,momentum_accel
2022-03-11,12022.285585059413,0.0,ou_mean_reversion
2022-03-14,12022.285585059413,0.0,ma_crossover
2022-03-15,12022.285585059413,0.0,momentum_accel
2022-03-16,12022.285585059413,0.0,ou_mean_reversion
2022-03-17,12022.285585059413,0.0,ma_crossover
2022-03-18,12022.285585059413,0.0,momentum_accel
2022-03-21,12022.285585059413,0.0,ou_mean_reversion
2022-03-22,12022.285585059413,0.0,ma_crossover
2022-03-23,12022.285585059413,0.0,momentum_accel
2022-03-24,12022.285585059413,0.0,ou_mean_reversion
2022-03-25,12022.285585059413,0.0,ma_crossover
2022-03-28,12022.285585059413,0.0,momentum_accel
2022-03-29,12022.285585059413,0.0,ou_mean_reversion
2022-03-30,12022.285585059413,0.0,ma_crossover
2022-03-31,12022.285585059413,0.0,momentum_accel
2022-04-01,12022.285585059413,0.0,ou_mean_reversion
2022-04-04,12022.285585059413,0.0,ma_crossover
2022-04-05,12022.285585059413,0.0,momentum_accel
2022-04-06,12022.285585059413,0.0,ou_mean_reversion
2022-04-07,12082.866013817747,0.005039010954258183,ma_crossover
2022-04-08,12082.866013817747,0.0,momentum_accel
2022-04-11,12082.866013817747,0.0,ou_mean_reversion
2022-04-12,12038.09745202892,-0.0037051277186747056,ma_crossover
2022-04-13,12038.09745202892,0.0,momentum_accel
2022-04-14,12038.09745202892,0.0,ou_mean_reversion
2022-04-18,12043.044695204208,0.0004109655362902753,ma_crossover
2022-04-19,12043.044695204208,0.0,momentum_accel
2022-04-20,12043.044695204208,0.0,ou_mean_reversion
2022-04-21,11862.958233204408,-0.014953565859596396,ma_crossover
2022-04-22,11862.958233204408,0.0,momentum_accel
2022-04-25,11862.958233204408,0.0,ou_mean_reversion
2022-04-26,11519.39894896623,-0.02896067553171977,ma_crossover
2022-04-27,11519.39894896623,0.0,momentum_accel
2022-04-28,11810.371821669569,0.02525937976385917,ou_mean_reversion
2022-04-29,11810.371821669569,0.0,momentum_accel
2022-05-02,11881.46374398358,0.00601944827711276,ma_crossover
2022-05-03,11935.928920688168,0.004584046029864508,ou_mean_reversion
2022-05-04,11935.928920688168,0.0,momentum_accel
2022-05-05,11935.928920688168,0.0,ma_crossover
2022-05-06,11864.683060473953,-0.00596902517496789,ou_mean_reversion
2022-05-09,11864.683060473953,0.0,momentum_accel
2022-05-10,11864.683060473953,0.0,ma_crossover
2022-05-11,11676.19753663174,-0.015886267073591975,ou_mean_reversion
2022-05-12,11676.19753663174,0.0,momentum_accel
2022-05-13,11676.19753663174,0.0,ma_crossover
2022-05-16,11628.82005940997,-0.004057611827235075,ou_mean_reversion
2022-05-17,11628.82005940997,0.0,momentum_accel
2022-05-18,11628.82005940997,0.0,ma_crossover
2022-05-19,11557.598937425102,-0.0061245355608745555,ou_mean_reversion
2022-05-20,11557.598937425102,0.0,momentum_accel
2022-05-23,11557.598937425102,0.0,ma_crossover
2022-05-24,11469.370117459239,-0.0076338364433261585,ou_mean_reversion
2022-05-25,11469.370117459239,0.0,momentum_accel
2022-05-26,11469.370117459239,0.0,ma_crossover
2022-05-27,11750.934587198413,0.024549253085011546,ou_mean_reversion
2022-05-31,11750.934587198413,0.0,momentum_accel
2022-06-01,11750.934587198413,0.0,ma_crossover
2022-06-02,11974.713667374175,0.019043513391653777,ou_mean_reversion
2022-06-03,11974.713667374175,0.0,momentum_accel
2022-06-06,11974.713667374175,0.0,ma_crossover
2022-06-07,12089.578232320086,0.00959225983489409,ou_mean_reversion
2022-06-08,12089.578232320086,0.0,momentum_accel
2022-06-09,12089.578232320086,0.0,ma_crossover
2022-06-10,11739.031541126767,-0.028995775076435137,ou_mean_reversion
2022-06-13,11739.031541126767,0.0,momentum_accel
2022-06-14,11739.031541126767,0.0,ma_crossover
2022-06-15,11906.387326975248,0.014256353708750336,ou_mean_reversion
2022-06-16,11906.387326975248,0.0,momentum_accel
2022-06-17,11906.387326975248,0.0,ma_crossover
2022-06-21,12206.117792283825,0.025173921952757805,ou_mean_reversion
2022-06-22,12206.117792283825,0.0,momentum_accel
2022-06-23,12206.117792283825,0.0,ma_crossover
2022-06-24,12594.19632476522,0.03179377252337523,ou_mean_reversion
2022-06-27,12594.19632476522,0.0,momentum_accel
2022-06-28,12336.859311333588,-0.02043298411392913,ou_mean_reversion
2022-06-29,12336.859311333588,0.0,ma_crossover
2022-06-30,12336.859311333588,0.0,momentum_accel
2022-07-01,12336.859311333588,0.0,ma_crossover
2022-07-05,12360.158311240268,0.0018885681775810959,ou_mean_reversion
2022-07-06,12360.158311240268,0.0,momentum_accel
2022-07-07,12360.158311240268,0.0,ma_crossover
2022-07-08,12360.158311240268,0.0,ou_mean_reversion
2022-07-11,12360.158311240268,0.0,momentum_accel
2022-07-12,12360.158311240268,0.0,ma_crossover
2022-07-13,12360.158311240268,0.0,ou_mean_reversion
2022-07-14,12360.158311240268,0.0,momentum_accel
2022-07-15,12360.158311240268,0.0,ma_crossover
2022-07-18,12360.158311240268,0.0,ou_mean_reversion
2022-07-19,12360.158311240268,0.0,momentum_accel
2022-07-20,12360.158311240268,0.0,ma_crossover
2022-07-21,12360.158311240268,0.0,ou_mean_reversion
2022-07-22,12360.158311240268,0.0,momentum_accel
2022-07-25,12360.158311240268,0.0,ma_crossover
2022-07-26,12360.158311240268,0.0,ou_mean_reversion
2022-07-27,12360.158311240268,0.0,momentum_accel
2022-07-28,12360.158311240268,0.0,ma_crossover
2022-07-29,12360.158311240268,0.0,ou_mean_reversion
2022-08-01,12360.158311240268,0.0,momentum_accel
2022-08-02,12360.158311240268,0.0,ma_crossover
2022-08-03,12360.158311240268,0.0,ou_mean_reversion
2022-08-04,12360.158311240268,0.0,momentum_accel
2022-08-05,12360.158311240268,0.0,ma_crossover
2022-08-08,12360.158311240268,0.0,ou_mean_reversion
2022-08-09,12360.158311240268,0.0,momentum_accel
2022-08-10,12360.158311240268,0.0,ma_crossover
2022-08-11,12360.158311240268,0.0,ou_mean_reversion
2022-08-12,12360.158311240268,0.0,momentum_accel
2022-08-15,12360.158311240268,0.0,ma_crossover
2022-08-16,12360.158311240268,0.0,ou_mean_reversion
2022-08-17,12360.158311240268,0.0,momentum_accel
2022-08-18,12360.158311240268,0.0,ma_crossover
2022-08-19,12360.158311240268,0.0,ou_mean_reversion
2022-08-22,12360.158311240268,0.0,momentum_accel
2022-08-23,12360.158311240268,0.0,ma_crossover
2022-08-24,12360.158311240268,0.0,ou_mean_reversion
2022-08-25,12360.158311240268,0.0,momentum_accel
2022-08-26,12360.158311240268,0.0,ma_crossover
2022-08-29,12360.158311240268,0.0,ou_mean_reversion
2022-08-30,12360.158311240268,0.0,momentum_accel
2022-08-31,12360.158311240268,0.0,ma_crossover
2022-09-01,12360.158311240268,0.0,ou_mean_reversion
2022-09-02,12360.158311240268,0.0,momentum_accel
2022-09-06,12360.158311240268,0.0,ma_crossover
2022-09-07,12360.158311240268,0.0,ou_mean_reversion
2022-09-08,12360.158311240268,0.0,ma_crossover
2022-09-09,12360.158311240268,0.0,momentum_accel
2022-09-12,12360.158311240268,0.0,ou_mean_reversion
2022-09-13,12360.158311240268,0.0,ma_crossover
2022-09-14,12360.158311240268,0.0,momentum_accel
2022-09-15,12360.158311240268,0.0,ou_mean_reversion
2022-09-16,12360.158311240268,0.0,ma_crossover
2022-09-19,12360.158311240268,0.0,momentum_accel
2022-09-20,12218.282552981344,-0.011478474198012734,ou_mean_reversion
2022-09-21,12218.282552981344,0.0,ma_crossover
2022-09-22,12218.282552981344,0.0,momentum_accel
2022-09-23,12013.56951498369,-0.01675464919967018,ou_mean_reversion
2022-09-26,12013.56951498369,0.0,ma_crossover
2022-09-27,12013.56951498369,0.0,momentum_accel
2022-09-28,12249.953440064675,0.019676410477848405,ou_mean_reversion
2022-09-29,12249.953440064675,0.0,ma_crossover
2022-09-30,12249.953440064675,0.0,momentum_accel
2022-10-03,12573.369316396904,0.026401396373839647,ou_mean_reversion
2022-10-04,12573.369316396904,0.0,ma_crossover
2022-10-05,12544.094802314507,-0.002328295093043886,ou_mean_reversion
2022-10-06,12544.094802314507,0.0,momentum_accel
2022-10-07,12544.094802314507,0.0,ma_crossover
2022-10-10,12544.094802314507,0.0,momentum_accel
2022-10-11,12464.656447245357,-0.006332729170262064,ou_mean_reversion
2022-10-12,12464.656447245357,0.0,ma_crossover
2022-10-13,12464.656447245357,0.0,momentum_accel
2022-10-14,12180.604324886159,-0.02278860420753681,ou_mean_reversion
2022-10-17,12180.604324886159,0.0,ma_crossover
2022-10-18,12180.604324886159,0.0,momentum_accel
2022-10-19,12094.287956466243,-0.007086378156423989,ou_mean_reversion
2022-10-20,12094.287956466243,0.0,ma_crossover
2022-10-21,12094.287956466243,0.0,momentum_accel
2022-10-24,12242.278875490792,0.012236430913274754,ou_mean_reversion
2022-10-25,12242.278875490792,0.0,ma_crossover
2022-10-26,12242.278875490792,0.0,momentum_accel
2022-10-27,12176.905418001139,-0.0053399745386075725,ou_mean_reversion
2022-10-28,12176.905418001139,0.0,ma_crossover
2022-10-31,12176.905418001139,0.0,momentum_accel
2022-11-01,12176.905418001139,0.0,ou_mean_reversion
2022-11-02,12176.905418001139,0.0,ma_crossover
2022-11-03,12176.905418001139,0.0,momentum_accel
2022-11-04,12176.905418001139,0.0,ou_mean_reversion
2022-11-07,12176.905418001139,0.0,ma_crossover
2022-11-08,12176.905418001139,0.0,momentum_accel
2022-11-09,12176.905418001139,0.0,ou_mean_reversion
2022-11-10,12176.905418001139,0.0,ma_crossover
2022-11-11,12176.905418001139,0.0,momentum_accel
2022-11-14,12176.905418001139,0.0,ou_mean_reversion
2022-11-15,12176.905418001139,0.0,ma_crossover
2022-11-16,12176.905418001139,0.0,momentum_accel
2022-11-17,12176.905418001139,0.0,ou_mean_reversion
2022-11-18,12176.905418001139,0.0,ma_crossover
2022-11-21,12176.905418001139,0.0,momentum_accel
2022-11-22,12176.905418001139,0.0,ou_mean_reversion
2022-11-23,12176.905418001139,0.0,ma_crossover
2022-11-25,12176.905418001139,0.0,momentum_accel
2022-11-28,12176.905418001139,0.0,ou_mean_reversion
2022-11-29,12155.99105932909,-0.0017175430007965176,ma_crossover
2022-11-30,12155.99105932909,0.0,momentum_accel
2022-12-01,12155.99105932909,0.0,ou_mean_reversion
2022-12-02,12141.965322821929,-0.0011538126705348262,ma_crossover
2022-12-05,12141.965322821929,0.0,momentum_accel
2022-12-06,12141.965322821929,0.0,ou_mean_reversion
2022-12-07,12121.305653358711,-0.0017015095096989397,ma_crossover
2022-12-08,12121.305653358711,0.0,momentum_accel
2022-12-09,12121.305653358711,0.0,ou_mean_reversion
2022-12-12,12296.060542650393,0.014417167117905194,ma_crossover
2022-12-13,12296.060542650393,0.0,momentum_accel
2022-12-14,12296.060542650393,0.0,ou_mean_reversion
2022-12-15,11995.27907373638,-0.024461612552306056,ma_crossover
2022-12-16,11995.27907373638,0.0,momentum_accel
2022-12-19,11995.27907373638,0.0,ou_mean_reversion
2022-12-20,11995.27907373638,0.0,momentum_accel
2022-12-21,12174.635847480475,0.014952280196364631,ma_crossover
2022-12-22,12174.635847480475,0.0,ou_mean_reversion
2022-12-23,12244.666235175646,0.0057521546083583175,ma_crossover
2022-12-27,12244.666235175646,0.0,momentum_accel
2022-12-28,12244.666235175646,0.0,ou_mean_reversion
2022-12-29,12244.666235175646,0.0,ma_crossover
2022-12-30,12244.666235175646,0.0,momentum_accel
2023-01-03,12193.119159504506,-0.004209757512463552,ou_mean_reversion
2023-01-04,12193.119159504506,0.0,ma_crossover
2023-01-05,12193.119159504506,0.0,momentum_accel
2023-01-06,12472.734584758784,0.02293223100639663,ou_mean_reversion
2023-01-09,12472.734584758784,0.0,ma_crossover
2023-01-10,12472.734584758784,0.0,momentum_accel
2023-01-11,12472.734584758784,0.0,ou_mean_reversion
2023-01-12,12472.734584758784,0.0,ma_crossover
2023-01-13,12472.734584758784,0.0,momentum_accel
2023-01-17,12472.734584758784,0.0,ou_mean_reversion
2023-01-18,12472.734584758784,0.0,ma_crossover
2023-01-19,12472.734584758784,0.0,momentum_accel
2023-01-20,12472.734584758784,0.0,ou_mean_reversion
2023-01-23,12472.734584758784,0.0,ma_crossover
2023-01-24,12472.734584758784,0.0,momentum_accel
2023-01-25,12472.734584758784,0.0,ou_mean_reversion
2023-01-26,12472.734584758784,0.0,ma_crossover
2023-01-27,12472.734584758784,0.0,momentum_accel
2023-01-30,12472.734584758784,0.0,ou_mean_reversion
2023-01-31,12472.734584758784,0.0,ma_crossover
2023-02-01,12472.734584758784,0.0,momentum_accel
2023-02-02,12472.734584758784,0.0,ou_mean_reversion
2023-02-03,12472.734584758784,0.0,ma_crossover
2023-02-06,12472.734584758784,0.0,momentum_accel
2023-02-07,12472.734584758784,0.0,ou_mean_reversion
2023-02-08,12472.734584758784,0.0,ma_crossover
2023-02-09,12472.734584758784,0.0,momentum_accel
2023-02-10,12472.734584758784,0.0,ou_mean_reversion
2023-02-13,12472.734584758784,0.0,ma_crossover
2023-02-14,12472.734584758784,0.0,momentum_accel
2023-02-15,12472.734584758784,0.0,ou_mean_reversion
2023-02-16,12472.734584758784,0.0,ma_crossover
2023-02-17,12472.734584758784,0.0,momentum_accel
2023-02-21,12472.734584758784,0.0,ou_mean_reversion
2023-02-22,12472.734584758784,0.0,ma_crossover
2023-02-23,12472.734584758784,0.0,momentum_accel
2023-02-24,12472.734584758784,0.0,ou_mean_reversion
2023-02-27,12472.734584758784,0.0,ma_crossover
2023-02-28,12472.734584758784,0.0,momentum_accel
2023-03-01,12472.734584758784,0.0,ou_mean_reversion
2023-03-02,12472.734584758784,0.0,ma_crossover
2023-03-03,12472.734584758784,0.0,momentum_accel
2023-03-06,12472.734584758784,0.0,ou_mean_reversion
2023-03-07,12472.734584758784,0.0,ma_crossover
2023-03-08,12472.734584758784,0.0,momentum_accel
2023-03-09,12472.734584758784,0.0,ou_mean_reversion
2023-03-10,12472.734584758784,0.0,ma_crossover
2023-03-13,12472.734584758784,0.0,momentum_accel
2023-03-14,12472.734584758784,0.0,ou_mean_reversion
2023-03-15,12472.734584758784,0.0,ma_crossover
2023-03-16,12472.734584758784,0.0,momentum_accel
2023-03-17,12472.734584758784,0.0,ou_mean_reversion
2023-03-20,12472.734584758784,0.0,ma_crossover
2023-03-21,12472.734584758784,0.0,momentum_accel
2023-03-22,12472.734584758784,0.0,ou_mean_reversion
2023-03-23,12472.734584758784,0.0,ma_crossover
2023-03-24,12472.734584758784,0.0,momentum_accel
2023-03-27,12472.734584758784,0.0,ou_mean_reversion
2023-03-28,12472.734584758784,0.0,ma_crossover
2023-03-29,12472.734584758784,0.0,momentum_accel
2023-03-30,12472.734584758784,0.0,ou_mean_reversion
2023-03-31,12472.734584758784,0.0,ma_crossover
2023-04-03,12472.734584758784,0.0,momentum_accel
2023-04-04,12472.734584758784,0.0,ou_mean_reversion
2023-04-05,12472.734584758784,0.0,ma_crossover
2023-04-06,12472.734584758784,0.0,momentum_accel
2023-04-10,12472.734584758784,0.0,ou_mean_reversion
2023-04-11,12472.734584758784,0.0,ma_crossover
2023-04-12,12472.734584758784,0.0,momentum_accel
2023-04-13,12472.734584758784,0.0,ou_mean_reversion
2023-04-14,12472.734584758784,0.0,ma_crossover
2023-04-17,12472.734584758784,0.0,momentum_accel
2023-04-18,12472.734584758784,0.0,ou_mean_reversion
2023-04-19,12472.734584758784,0.0,ma_crossover
2023-04-20,12472.734584758784,0.0,momentum_accel
2023-04-21,12472.734584758784,0.0,ou_mean_reversion
2023-04-24,12472.734584758784,0.0,ma_crossover
2023-04-25,12472.734584758784,0.0,momentum_accel
2023-04-26,12472.734584758784,0.0,ou_mean_reversion
2023-04-27,12472.734584758784,0.0,ma_crossover
2023-04-28,12472.734584758784,0.0,momentum_accel
2023-05-01,12472.734584758784,0.0,ou_mean_reversion
2023-05-02,12472.734584758784,0.0,ma_crossover
2023-05-03,12472.734584758784,0.0,momentum_accel
2023-05-04,12472.734584758784,0.0,ou_mean_reversion
2023-05-05,12472.734584758784,0.0,ma_crossover
2023-05-08,12472.734584758784,0.0,momentum_accel
2023-05-09,12472.734584758784,0.0,ou_mean_reversion
2023-05-10,12472.734584758784,0.0,ma_crossover
2023-05-11,12472.734584758784,0.0,momentum_accel
2023-05-12,12472.734584758784,0.0,ou_mean_reversion
2023-05-15,12472.734584758784,0.0,ma_crossover
2023-05-16,12472.734584758784,0.0,momentum_accel
2023-05-17,12472.734584758784,0.0,ou_mean_reversion
2023-05-18,12472.734584758784,0.0,ma_crossover
2023-05-19,12472.734584758784,0.0,momentum_accel
2023-05-22,12472.734584758784,0.0,ou_mean_reversion
2023-05-23,12472.734584758784,0.0,ma_crossover
2023-05-24,12472.734584758784,0.0,momentum_accel
2023-05-25,12472.734584758784,0.0,ou_mean_reversion
2023-05-26,12472.734584758784,0.0,ma_crossover
2023-05-30,12472.734584758784,0.0,momentum_accel
2023-05-31,12472.734584758784,0.0,ou_mean_reversion
2023-06-01,12472.734584758784,0.0,ma_crossover
2023-06-02,12472.734584758784,0.0,momentum_accel
2023-06-05,12472.734584758784,0.0,ou_mean_reversion
2023-06-06,12499.894003758163,0.0021775031621826813,ma_crossover
2023-06-07,12499.894003758163,0.0,momentum_accel
2023-06-08,12499.894003758163,0.0,ou_mean_reversion
2023-06-09,12522.32051868561,0.0017941364079330224,ma_crossover
2023-06-12,12522.32051868561,0.0,momentum_accel
2023-06-13,12522.32051868561,0.0,ou_mean_reversion
2023-06-14,12537.232951557526,0.0011908681661410014,ma_crossover
2023-06-15,12537.232951557526,0.0,momentum_accel
2023-06-16,12537.232951557526,0.0,ou_mean_reversion
2023-06-20,12472.18837012911,-0.005188113013433138,ma_crossover
2023-06-21,12472.18837012911,0.0,momentum_accel
2023-06-22,12472.18837012911,0.0,ou_mean_reversion
2023-06-23,12377.897413481029,-0.007560097221904205,ma_crossover
2023-06-26,12377.897413481029,0.0,momentum_accel
2023-06-27,12377.897413481029,0.0,ou_mean_reversion
2023-06-28,12384.141592274216,0.0005044619925824723,ma_crossover
2023-06-29,12384.141592274216,0.0,momentum_accel
2023-06-30,12384.141592274216,0.0,ou_mean_reversion
2023-07-03,12398.390104001008,0.001150544962735145,ma_crossover
2023-07-05,12398.390104001008,0.0,momentum_accel
2023-07-06,12398.390104001008,0.0,ou_mean_reversion
2023-07-07,12398.390104001008,0.0,ma_crossover
2023-07-10,12398.390104001008,0.0,momentum_accel
2023-07-11,12398.390104001008,0.0,ou_mean_reversion
2023-07-12,12398.390104001008,0.0,ma_crossover
2023-07-13,12398.390104001008,0.0,ou_mean_reversion
2023-07-14,12398.390104001008,0.0,momentum_accel
2023-07-17,12398.390104001008,0.0,ma_crossover
2023-07-18,12398.390104001008,0.0,ou_mean_reversion
2023-07-19,12398.390104001008,0.0,momentum_accel
2023-07-20,12398.390104001008,0.0,ma_crossover
2023-07-21,12398.390104001008,0.0,ou_mean_reversion
2023-07-24,12398.390104001008,0.0,momentum_accel
2023-07-25,12398.390104001008,0.0,ma_crossover
2023-07-26,12398.390104001008,0.0,ou_mean_reversion
2023-07-27,12398.390104001008,0.0,momentum_accel
2023-07-28,12398.390104001008,0.0,ma_crossover
2023-07-31,12398.390104001008,0.0,ou_mean_reversion
2023-08-01,12398.390104001008,0.0,momentum_accel
2023-08-02,12398.390104001008,0.0,ma_crossover
2023-08-03,12398.390104001008,0.0,ou_mean_reversion
2023-08-04,12398.390104001008,0.0,momentum_accel
2023-08-07,12398.390104001008,0.0,ma_crossover
2023-08-08,12398.390104001008,0.0,ou_mean_reversion
2023-08-09,12398.390104001008,0.0,momentum_accel
2023-08-10,12398.390104001008,0.0,ma_crossover
2023-08-11,12398.390104001008,0.0,ou_mean_reversion
2023-08-14,12398.390104001008,0.0,momentum_accel
2023-08-15,12398.390104001008,0.0,ma_crossover
2023-08-16,12398.390104001008,0.0,ou_mean_reversion
2023-08-17,12398.390104001008,0.0,momentum_accel
2023-08-18,12398.390104001008,0.0,ma_crossover
2023-08-21,12398.390104001008,0.0,ou_mean_reversion
2023-08-22,12398.390104001008,0.0,momentum_accel
2023-08-23,12398.390104001008,0.0,ma_crossover
2023-08-24,12398.390104001008,0.0,ou_mean_reversion
2023-08-25,12398.390104001008,0.0,momentum_accel
2023-08-28,12398.390104001008,0.0,ma_crossover
2023-08-29,12398.390104001008,0.0,ou_mean_reversion
2023-08-30,12398.390104001008,0.0,momentum_accel
2023-08-31,12398.390104001008,0.0,ma_crossover
2023-09-01,12398.390104001008,0.0,ou_mean_reversion
2023-09-05,12398.390104001008,0.0,momentum_accel
2023-09-06,12398.390104001008,0.0,ma_crossover
2023-09-07,12398.390104001008,0.0,ou_mean_reversion
2023-09-08,12398.390104001008,0.0,momentum_accel
2023-09-11,12398.390104001008,0.0,ma_crossover
2023-09-12,12398.390104001008,0.0,ou_mean_reversion
2023-09-13,12398.390104001008,0.0,momentum_accel
2023-09-14,12398.390104001008,0.0,ma_crossover
2023-09-15,12398.390104001008,0.0,ou_mean_reversion
2023-09-18,12398.390104001008,0.0,momentum_accel
2023-09-19,12398.390104001008,0.0,ma_crossover
2023-09-20,12398.390104001008,0.0,ou_mean_reversion
2023-09-21,12398.390104001008,0.0,momentum_accel
2023-09-22,12398.390104001008,0.0,ma_crossover
2023-09-25,12398.390104001008,0.0,ou_mean_reversion
2023-09-26,12398.390104001008,0.0,momentum_accel
2023-09-27,12398.390104001008,0.0,ma_crossover
2023-09-28,12398.390104001008,0.0,ou_mean_reversion
2023-09-29,12398.390104001008,0.0,momentum_accel
2023-10-02,12398.390104001008,0.0,ma_crossover
2023-10-03,12398.390104001008,0.0,ou_mean_reversion
2023-10-04,12398.390104001008,0.0,momentum_accel
2023-10-05,12398.390104001008,0.0,ma_crossover
2023-10-06,12398.390104001008,0.0,ou_mean_reversion
2023-10-09,12398.390104001008,0.0,momentum_accel
2023-10-10,12398.390104001008,0.0,ma_crossover
2023-10-11,12398.390104001008,0.0,ou_mean_reversion
2023-10-12,12398.390104001008,0.0,momentum_accel
2023-10-13,12398.390104001008,0.0,ma_crossover
2023-10-16,12398.390104001008,0.0,ou_mean_reversion
2023-10-17,12398.390104001008,0.0,momentum_accel
2023-10-18,12398.390104001008,0.0,ma_crossover
2023-10-19,12398.390104001008,0.0,ou_mean_reversion
2023-10-20,12398.390104001008,0.0,momentum_accel
2023-10-23,12398.390104001008,0.0,ma_crossover
2023-10-24,12398.390104001008,0.0,ou_mean_reversion
2023-10-25,12398.390104001008,0.0,momentum_accel
2023-10-26,12398.390104001008,0.0,ma_crossover
2023-10-27,12398.390104001008,0.0,ou_mean_reversion
2023-10-30,12398.390104001008,0.0,momentum_accel
2023-10-31,12398.390104001008,0.0,ma_crossover
2023-11-01,12398.390104001008,0.0,ou_mean_reversion
2023-11-02,12398.390104001008,0.0,momentum_accel
2023-11-03,12398.390104001008,0.0,ma_crossover
2023-11-06,12398.390104001008,0.0,ou_mean_reversion
2023-11-07,12398.390104001008,0.0,momentum_accel
2023-11-08,12398.390104001008,0.0,ma_crossover
2023-11-09,12398.390104001008,0.0,ou_mean_reversion
2023-11-10,12398.390104001008,0.0,momentum_accel
2023-11-13,12398.390104001008,0.0,ma_crossover
2023-11-14,12398.390104001008,0.0,ou_mean_reversion
2023-11-15,12398.390104001008,0.0,momentum_accel
2023-11-16,12413.556557579512,0.0012232599112695919,ma_crossover
2023-11-17,12413.556557579512,0.0,ou_mean_reversion
2023-11-20,12413.556557579512,0.0,momentum_accel
2023-11-21,12386.50101764455,-0.0021795155811685785,ma_crossover
2023-11-22,12386.50101764455,0.0,ou_mean_reversion
2023-11-24,12386.50101764455,0.0,momentum_accel
2023-11-27,12364.194208705214,-0.0018008967106659668,ma_crossover
2023-11-28,12364.194208705214,0.0,ou_mean_reversion
2023-11-29,12364.194208705214,0.0,momentum_accel
2023-11-30,12412.876163053306,0.003937333361669015,ma_crossover
2023-12-01,12412.876163053306,0.0,ou_mean_reversion
2023-12-04,12412.876163053306,0.0,momentum_accel
2023-12-05,12410.430254936386,-0.00019704604193171438,ma_crossover
2023-12-06,12410.430254936386,0.0,ou_mean_reversion
2023-12-07,12410.430254936386,0.0,momentum_accel
2023-12-08,12463.784347986484,0.004299133225367013,ma_crossover
2023-12-11,12463.784347986484,0.0,ou_mean_reversion
2023-12-12,12463.784347986484,0.0,momentum_accel
2023-12-13,12635.66116917343,0.01379009908934381,ma_crossover
2023-12-14,12635.66116917343,0.0,ou_mean_reversion
2023-12-15,12635.66116917343,0.0,momentum_accel
2023-12-18,12706.73680113648,0.005625002998374873,ma_crossover
2023-12-19,12706.73680113648,0.0,ou_mean_reversion
2023-12-20,12706.73680113648,0.0,momentum_accel
2023-12-21,12827.220938940518,0.009481910240972447,ma_crossover
2023-12-22,12827.220938940518,0.0,ou_mean_reversion
2023-12-26,12827.220938940518,0.0,momentum_accel
2023-12-27,12850.413531898734,0.0018080762051746468,ma_crossover
2023-12-28,12850.413531898734,0.0,ou_mean_reversion
2023-12-29,12850.413531898734,0.0,momentum_accel
2024-01-02,12778.49823685307,-0.005596340916745657,ma_crossover
2024-01-03,12778.49823685307,0.0,ou_mean_reversion
2024-01-04,12778.49823685307,0.0,momentum_accel
2024-01-05,12796.001240106167,0.0013697230244646974,ma_crossover
2024-01-08,12796.001240106167,0.0,ou_mean_reversion
2024-01-09,12796.001240106167,0.0,momentum_accel
2024-01-10,12796.001240106167,0.0,ma_crossover
2024-01-11,12796.001240106167,0.0,ou_mean_reversion
2024-01-12,12796.001240106167,0.0,momentum_accel
2024-01-16,12796.001240106167,0.0,ma_crossover
2024-01-17,12796.001240106167,0.0,ou_mean_reversion
2024-01-18,12796.001240106167,0.0,momentum_accel
2024-01-19,12796.001240106167,0.0,ma_crossover
2024-01-22,12796.001240106167,0.0,ou_mean_reversion
2024-01-23,12796.001240106167,0.0,momentum_accel
2024-01-24,12796.001240106167,0.0,ma_crossover
2024-01-25,12796.001240106167,0.0,ou_mean_reversion
2024-01-26,12796.001240106167,0.0,momentum_accel
2024-01-29,12796.001240106167,0.0,ma_crossover
2024-01-30,12796.001240106167,0.0,ou_mean_reversion
2024-01-31,12796.001240106167,0.0,momentum_accel
2024-02-01,12796.001240106167,0.0,ma_crossover
2024-02-02,12796.001240106167,0.0,ou_mean_reversion
2024-02-05,12796.001240106167,0.0,momentum_accel
2024-02-06,12796.001240106167,0.0,ma_crossover
2024-02-07,12796.001240106167,0.0,ou_mean_reversion
2024-02-08,12796.001240106167,0.0,momentum_accel
2024-02-09,12796.001240106167,0.0,ma_crossover
2024-02-12,12796.001240106167,0.0,ou_mean_reversion
2024-02-13,12796.001240106167,0.0,momentum_accel
2024-02-14,12796.001240106167,0.0,ma_crossover
2024-02-15,12796.001240106167,0.0,ou_mean_reversion
2024-02-16,12796.001240106167,0.0,momentum_accel
2024-02-20,12796.001240106167,0.0,ma_crossover
2024-02-21,12796.001240106167,0.0,ou_mean_reversion
2024-02-22,12796.001240106167,0.0,momentum_accel
2024-02-23,12796.001240106167,0.0,ma_crossover
2024-02-26,12796.001240106167,0.0,ou_mean_reversion
2024-02-27,12796.001240106167,0.0,momentum_accel
2024-02-28,12796.001240106167,0.0,ma_crossover
2024-02-29,12796.001240106167,0.0,ou_mean_reversion
2024-03-01,12796.001240106167,0.0,momentum_accel
2024-03-04,12796.001240106167,0.0,ma_crossover
2024-03-05,12796.001240106167,0.0,ou_mean_reversion
2024-03-06,12796.001240106167,0.0,momentum_accel
2024-03-07,12796.001240106167,0.0,ma_crossover
2024-03-08,12796.001240106167,0.0,ou_mean_reversion
2024-03-11,12796.001240106167,0.0,momentum_accel
2024-03-12,12796.001240106167,0.0,ma_crossover
2024-03-13,12796.001240106167,0.0,ou_mean_reversion
2024-03-14,12796.001240106167,0.0,momentum_accel
2024-03-15,12796.001240106167,0.0,ma_crossover
2024-03-18,12796.001240106167,0.0,ou_mean_reversion
2024-03-19,12796.001240106167,0.0,momentum_accel
2024-03-20,12796.001240106167,0.0,ma_crossover
2024-03-21,12796.001240106167,0.0,ou_mean_reversion
2024-03-22,12796.001240106167,0.0,momentum_accel
2024-03-25,12796.001240106167,0.0,ma_crossover
2024-03-26,12796.001240106167,0.0,ou_mean_reversion
2024-03-27,12796.001240106167,0.0,momentum_accel
2024-03-28,12796.001240106167,0.0,ma_crossover
2024-04-01,12796.001240106167,0.0,ou_mean_reversion
2024-04-02,12796.001240106167,0.0,momentum_accel
2024-04-03,12796.001240106167,0.0,ma_crossover
2024-04-04,12796.001240106167,0.0,ou_mean_reversion
2024-04-05,12796.001240106167,0.0,momentum_accel
2024-04-08,12796.001240106167,0.0,ma_crossover
2024-04-09,12796.001240106167,0.0,ou_mean_reversion
2024-04-10,12796.001240106167,0.0,momentum_accel
2024-04-11,12796.001240106167,0.0,ma_crossover
2024-04-12,12796.001240106167,0.0,ou_mean_reversion
2024-04-15,12796.001240106167,0.0,momentum_accel
2024-04-16,12796.001240106167,0.0,ma_crossover
2024-04-17,12796.001240106167,0.0,ou_mean_reversion
2024-04-18,12796.001240106167,0.0,momentum_accel
2024-04-19,12796.001240106167,0.0,ma_crossover
2024-04-22,12796.001240106167,0.0,ou_mean_reversion
2024-04-23,12796.001240106167,0.0,momentum_accel
2024-04-24,12796.001240106167,0.0,ma_crossover
2024-04-25,12796.001240106167,0.0,ou_mean_reversion
2024-04-26,12796.001240106167,0.0,momentum_accel
2024-04-29,12796.001240106167,0.0,ma_crossover
2024-04-30,12796.001240106167,0.0,ou_mean_reversion
2024-05-01,12796.001240106167,0.0,momentum_accel
2024-05-02,12796.001240106167,0.0,ma_crossover
2024-05-03,12796.001240106167,0.0,ou_mean_reversion
2024-05-06,12796.001240106167,0.0,momentum_accel
2024-05-07,12796.001240106167,0.0,ma_crossover
2024-05-08,12796.001240106167,0.0,ou_mean_reversion
2024-05-09,12796.001240106167,0.0,momentum_accel
2024-05-10,12796.001240106167,0.0,ma_crossover
2024-05-13,12796.001240106167,0.0,ou_mean_reversion
2024-05-14,12796.001240106167,0.0,momentum_accel
2024-05-15,12796.001240106167,0.0,ma_crossover
2024-05-16,12796.001240106167,0.0,ou_mean_reversion
2024-05-17,12796.001240106167,0.0,momentum_accel
2024-05-20,12796.001240106167,0.0,ma_crossover
2024-05-21,12796.001240106167,0.0,ou_mean_reversion
2024-05-22,12796.001240106167,0.0,momentum_accel
2024-05-23,12796.001240106167,0.0,ma_crossover
2024-05-24,12796.001240106167,0.0,ou_mean_reversion
2024-05-28,12796.001240106167,0.0,momentum_accel
2024-05-29,12796.001240106167,0.0,ma_crossover
2024-05-30,12796.001240106167,0.0,ou_mean_reversion
2024-05-31,12796.001240106167,0.0,momentum_accel
2024-06-03,12806.43691498559,0.0008155418777793244,ma_crossover
2024-06-04,12806.43691498559,0.0,ou_mean_reversion
2024-06-05,12806.43691498559,0.0,momentum_accel
2024-06-06,12806.196474918346,-1.877493863766677e-05,ma_crossover
2024-06-07,12806.196474918346,0.0,ou_mean_reversion
2024-06-10,12806.196474918346,0.0,momentum_accel
2024-06-11,12837.040566620497,0.0024085286964448116,ma_crossover
2024-06-12,12837.040566620497,0.0,ou_mean_reversion
2024-06-13,12837.040566620497,0.0,momentum_accel
2024-06-14,12844.851942769454,0.0006085028794928782,ma_crossover
2024-06-17,12844.851942769454,0.0,ou_mean_reversion
2024-06-18,12844.851942769454,0.0,momentum_accel
2024-06-20,12809.957166996295,-0.0027166351102084763,ma_crossover
2024-06-21,12809.957166996295,0.0,ou_mean_reversion
2024-06-24,12809.957166996295,0.0,momentum_accel
2024-06-25,12859.285506378152,0.003850780977546542,ma_crossover
2024-06-26,12859.285506378152,0.0,ou_mean_reversion
2024-06-27,12859.285506378152,0.0,momentum_accel
2024-06-28,12808.683189942505,-0.003935079939748398,ma_crossover
2024-07-01,12808.683189942505,0.0,ou_mean_reversion
2024-07-02,12808.683189942505,0.0,momentum_accel
2024-07-03,12865.843093901349,0.004462590190670523,ma_crossover
2024-07-05,12865.843093901349,0.0,ou_mean_reversion
2024-07-08,12865.843093901349,0.0,momentum_accel
2024-07-09,12865.843093901349,0.0,ma_crossover
2024-07-10,12865.843093901349,0.0,ou_mean_reversion
2024-07-11,12865.843093901349,0.0,momentum_accel
2024-07-12,12865.843093901349,0.0,ma_crossover
2024-07-15,12865.843093901349,0.0,ou_mean_reversion
2024-07-16,12865.843093901349,0.0,momentum_accel
2024-07-17,12865.843093901349,0.0,ma_crossover
2024-07-18,12865.843093901349,0.0,ou_mean_reversion
2024-07-19,12865.843093901349,0.0,momentum_accel
2024-07-22,12865.843093901349,0.0,ma_crossover
2024-07-23,12865.843093901349,0.0,ou_mean_reversion
2024-07-24,12865.843093901349,0.0,momentum_accel
2024-07-25,12865.843093901349,0.0,ma_crossover
2024-07-26,12865.843093901349,0.0,ou_mean_reversion
2024-07-29,12865.843093901349,0.0,momentum_accel
2024-07-30,12865.843093901349,0.0,ma_crossover
2024-07-31,12865.843093901349,0.0,ou_mean_reversion
2024-08-01,12865.843093901349,0.0,momentum_accel
2024-08-02,12865.843093901349,0.0,ma_crossover
2024-08-05,12865.843093901349,0.0,ou_mean_reversion
2024-08-06,12865.843093901349,0.0,momentum_accel
2024-08-07,12865.843093901349,0.0,ma_crossover
2024-08-08,12865.843093901349,0.0,ou_mean_reversion
2024-08-09,12865.843093901349,0.0,momentum_accel
2024-08-12,12865.843093901349,0.0,ma_crossover
2024-08-13,12865.843093901349,0.0,ou_mean_reversion
2024-08-14,12865.843093901349,0.0,momentum_accel
2024-08-15,12865.843093901349,0.0,ma_crossover
2024-08-16,12865.843093901349,0.0,ou_mean_reversion
2024-08-19,12865.843093901349,0.0,momentum_accel
2024-08-20,12865.843093901349,0.0,ma_crossover
2024-08-21,12865.843093901349,0.0,ou_mean_reversion
2024-08-22,12865.843093901349,0.0,momentum_accel
2024-08-23,12865.843093901349,0.0,ma_crossover
2024-08-26,12865.843093901349,0.0,ou_mean_reversion
2024-08-27,12865.843093901349,0.0,momentum_accel
2024-08-28,12865.843093901349,0.0,ma_crossover
2024-08-29,12865.843093901349,0.0,ou_mean_reversion
2024-08-30,12865.843093901349,0.0,momentum_accel
2024-09-03,12865.843093901349,0.0,ma_crossover
2024-09-04,12865.843093901349,0.0,ou_mean_reversion
2024-09-05,12865.843093901349,0.0,momentum_accel
2024-09-06,12865.843093901349,0.0,ma_crossover
2024-09-09,12865.843093901349,0.0,ou_mean_reversion
2024-09-10,12865.843093901349,0.0,momentum_accel
2024-09-11,12865.843093901349,0.0,ma_crossover
2024-09-12,12865.843093901349,0.0,ou_mean_reversion
2024-09-13,12865.843093901349,0.0,momentum_accel
2024-09-16,12865.843093901349,0.0,ma_crossover
2024-09-17,12865.843093901349,0.0,ou_mean_reversion
2024-09-18,12865.843093901349,0.0,momentum_accel
2024-09-19,12865.843093901349,0.0,ma_crossover
2024-09-20,12865.843093901349,0.0,ou_mean_reversion
2024-09-23,12865.843093901349,0.0,momentum_accel
2024-09-24,12865.843093901349,0.0,ma_crossover
2024-09-25,12865.843093901349,0.0,ou_mean_reversion
2024-09-26,12865.843093901349,0.0,momentum_accel
2024-09-27,12865.843093901349,0.0,ma_crossover
2024-09-30,12865.843093901349,0.0,ou_mean_reversion
2024-10-01,12865.843093901349,0.0,momentum_accel
2024-10-02,12865.843093901349,0.0,ma_crossover
2024-10-03,12865.843093901349,0.0,ou_mean_reversion
2024-10-04,12865.843093901349,0.0,momentum_accel
2024-10-07,12865.843093901349,0.0,ma_crossover
2024-10-08,12865.843093901349,0.0,ou_mean_reversion
2024-10-09,12865.843093901349,0.0,momentum_accel
2024-10-10,12865.843093901349,0.0,ma_crossover
2024-10-11,12865.843093901349,0.0,ou_mean_reversion
2024-10-14,12865.843093901349,0.0,momentum_accel
2024-10-15,12865.843093901349,0.0,ma_crossover
2024-10-16,12865.843093901349,0.0,ou_mean_reversion
2024-10-17,12865.843093901349,0.0,momentum_accel
2024-10-18,12865.843093901349,0.0,ma_crossover
2024-10-21,12865.843093901349,0.0,ou_mean_reversion
2024-10-22,12865.843093901349,0.0,momentum_accel
2024-10-23,12865.843093901349,0.0,ma_crossover
2024-10-24,12865.843093901349,0.0,ou_mean_reversion
2024-10-25,12865.843093901349,0.0,momentum_accel
2024-10-28,12905.617331283976,0.003091459851665812,ma_crossover
2024-10-29,12905.617331283976,0.0,ou_mean_reversion
2024-10-30,12905.617331283976,0.0,momentum_accel
2024-10-31,12652.624725169628,-0.01960329363718849,ma_crossover
2024-11-01,12652.624725169628,0.0,ou_mean_reversion
2024-11-04,12652.624725169628,0.0,momentum_accel
2024-11-05,12805.620921307118,0.012092052001916764,ma_crossover
2024-11-06,12805.620921307118,0.0,ou_mean_reversion
2024-11-07,12805.620921307118,0.0,momentum_accel
2024-11-08,12861.091024117648,0.00433169958344104,ma_crossover
2024-11-11,12861.091024117648,0.0,ou_mean_reversion
2024-11-12,12861.091024117648,0.0,momentum_accel
2024-11-13,12867.340224664957,0.0004858997215391181,ma_crossover
2024-11-14,12867.340224664957,0.0,ou_mean_reversion
2024-11-15,12867.340224664957,0.0,momentum_accel
2024-11-18,12920.061954980101,0.00409732931550888,ma_crossover
2024-11-19,12920.061954980101,0.0,ou_mean_reversion
2024-11-20,12920.061954980101,0.0,momentum_accel
2024-11-21,12989.420791774623,0.0053683052787363295,ma_crossover
2024-11-22,12989.420791774623,0.0,ou_mean_reversion
2024-11-25,12989.420791774623,0.0,momentum_accel
2024-11-26,13057.244606010574,0.005221465631392919,ma_crossover
2024-11-27,13057.244606010574,0.0,ou_mean_reversion
2024-11-29,13057.244606010574,0.0,momentum_accel
2024-12-02,13080.649962773205,0.0017925188252854163,ma_crossover
2024-12-03,13080.649962773205,0.0,ou_mean_reversion
2024-12-04,13080.649962773205,0.0,momentum_accel
2024-12-05,13059.124381336493,-0.0016456048818653812,ma_crossover
2024-12-06,13059.124381336493,0.0,ou_mean_reversion
2024-12-09,13059.124381336493,0.0,momentum_accel
2024-12-10,13018.522864008246,-0.0031090535737811065,ma_crossover
2024-12-11,13018.522864008246,0.0,ou_mean_reversion
2024-12-12,13018.522864008246,0.0,momentum_accel
2024-12-13,13015.938804428064,-0.00019849099680313564,ma_crossover
2024-12-16,13015.938804428064,0.0,ou_mean_reversion
2024-12-17,13015.938804428064,0.0,momentum_accel
2024-12-18,12628.019468449687,-0.029803408098876827,ma_crossover
2024-12-19,12628.019468449687,0.0,ou_mean_reversion
2024-12-20,12628.019468449687,0.0,momentum_accel
2024-12-23,12703.638642199821,0.005988205350733189,ma_crossover
2024-12-24,12703.638642199821,0.0,ou_mean_reversion
2024-12-26,12703.638642199821,0.0,momentum_accel
2024-12-27,12569.912573580632,-0.010526595756192858,ma_crossover
2024-12-30,12569.912573580632,0.0,ou_mean_reversion
2024-12-31,12569.912573580632,0.0,momentum_accel
2025-01-02,12539.027102535307,-0.0024570951360665116,ma_crossover
2025-01-03,12539.027102535307,0.0,ou_mean_reversion
2025-01-06,12539.027102535307,0.0,momentum_accel
2025-01-07,12397.284213840521,-0.011304137676369508,ma_crossover
2025-01-08,12397.284213840521,0.0,ou_mean_reversion
2025-01-10,12397.284213840521,0.0,momentum_accel
2025-01-13,12397.284213840521,0.0,ma_crossover
2025-01-14,12397.284213840521,0.0,ou_mean_reversion
2025-01-15,12397.284213840521,0.0,momentum_accel
2025-01-16,12397.284213840521,0.0,ma_crossover
2025-01-17,12397.284213840521,0.0,ou_mean_reversion
2025-01-21,12397.284213840521,0.0,momentum_accel
2025-01-22,12397.284213840521,0.0,ma_crossover
2025-01-23,12397.284213840521,0.0,ou_mean_reversion
2025-01-24,12397.284213840521,0.0,momentum_accel
2025-01-27,12397.284213840521,0.0,ma_crossover
2025-01-28,12397.284213840521,0.0,ou_mean_reversion
2025-01-29,12397.284213840521,0.0,momentum_accel
2025-01-30,12397.284213840521,0.0,ma_crossover
2025-01-31,12397.284213840521,0.0,ou_mean_reversion
2025-02-03,12397.284213840521,0.0,momentum_accel
2025-02-04,12397.284213840521,0.0,ma_crossover
2025-02-05,12397.284213840521,0.0,ou_mean_reversion
2025-02-06,12397.284213840521,0.0,momentum_accel
2025-02-07,12397.284213840521,0.0,ma_crossover
2025-02-10,12397.284213840521,0.0,ou_mean_reversion
2025-02-11,12397.284213840521,0.0,momentum_accel
2025-02-12,12397.284213840521,0.0,ma_crossover
2025-02-13,12397.284213840521,0.0,ou_mean_reversion
2025-02-14,12397.284213840521,0.0,momentum_accel
2025-02-18,12397.284213840521,0.0,ma_crossover
2025-02-19,12397.284213840521,0.0,ou_mean_reversion
2025-02-20,12397.284213840521,0.0,momentum_accel
2025-02-21,12397.284213840521,0.0,ma_crossover
2025-02-24,12397.284213840521,0.0,ou_mean_reversion
2025-02-25,12397.284213840521,0.0,momentum_accel
2025-02-26,12397.284213840521,0.0,ma_crossover
2025-02-27,12397.284213840521,0.0,ou_mean_reversion
2025-02-28,12397.284213840521,0.0,momentum_accel
2025-03-03,12397.284213840521,0.0,ma_crossover
2025-03-04,12397.284213840521,0.0,ou_mean_reversion
2025-03-05,12397.284213840521,0.0,momentum_accel
2025-03-06,12397.284213840521,0.0,ma_crossover
2025-03-07,12397.284213840521,0.0,ou_mean_reversion
2025-03-10,12397.284213840521,0.0,momentum_accel
2025-03-11,12397.284213840521,0.0,ma_crossover
2025-03-12,12397.284213840521,0.0,ou_mean_reversion
2025-03-13,12397.284213840521,0.0,momentum_accel
2025-03-14,12397.284213840521,0.0,ma_crossover
2025-03-17,12397.284213840521,0.0,ou_mean_reversion
2025-03-18,12397.284213840521,0.0,momentum_accel
2025-03-19,12397.284213840521,0.0,ma_crossover
2025-03-20,12397.284213840521,0.0,ou_mean_reversion
2025-03-21,12397.284213840521,0.0,momentum_accel
2025-03-24,12397.284213840521,0.0,ma_crossover
2025-03-25,12397.284213840518,-2.220446049250313e-16,ou_mean_reversion
2025-03-26,12397.284213840518,0.0,momentum_accel
2025-03-27,12397.284213840518,0.0,ma_crossover
2025-03-28,12147.624438686533,-0.020138263417020186,ou_mean_reversion
2025-03-31,12229.16865927899,0.006712770962260306,momentum_accel
2025-04-01,12229.16865927899,0.0,ma_crossover
2025-04-02,12306.560093678121,0.006328429720397155,momentum_accel
2025-04-03,11700.083813155676,-0.049280731244630394,ou_mean_reversion
2025-04-04,11700.083813155676,0.0,ma_crossover
2025-04-07,11700.083813155676,0.0,momentum_accel
2025-04-08,11516.828702022698,-0.01566271781121109,ou_mean_reversion
2025-04-09,11516.828702022698,0.0,ma_crossover
2025-04-10,11516.828702022698,0.0,momentum_accel
2025-04-11,11516.828702022698,0.0,ma_crossover
2025-04-14,11628.558279436627,0.00970141870689667,ou_mean_reversion
2025-04-15,11595.987306900404,-0.002800946751397415,momentum_accel
2025-04-16,11338.233482295043,-0.02222784639061992,ou_mean_reversion
2025-04-17,11338.233482295043,0.0,ma_crossover
2025-04-21,11338.233482295043,0.0,momentum_accel
2025-04-22,11338.233482295043,0.0,ma_crossover
2025-04-23,11338.233482295043,0.0,momentum_accel
2025-04-24,11576.892745531295,0.02104906938183304,ou_mean_reversion
2025-04-25,11576.892745531295,0.0,ma_crossover
2025-04-28,11581.30796040884,0.0003813816863120767,ou_mean_reversion
2025-04-29,11581.30796040884,0.0,momentum_accel
2025-04-30,11581.30796040884,0.0,ma_crossover
2025-05-01,11663.382603802345,0.007086819871648498,ou_mean_reversion
2025-05-02,11663.382603802345,0.0,momentum_accel
2025-05-05,11663.382603802345,0.0,ou_mean_reversion
2025-05-06,11663.382603802345,0.0,ma_crossover
2025-05-07,11663.382603802345,0.0,momentum_accel
2025-05-08,11663.382603802345,0.0,ou_mean_reversion
2025-05-09,11663.382603802345,0.0,ma_crossover
2025-05-12,12048.827018626183,0.03304739524691391,momentum_accel
2025-05-13,12048.827018626183,0.0,momentum_accel
2025-05-14,12048.827018626183,0.0,ou_mean_reversion
2025-05-15,12048.827018626183,0.0,ma_crossover
2025-05-16,12048.827018626183,0.0,momentum_accel
2025-05-19,12048.827018626183,0.0,ou_mean_reversion
2025-05-20,12048.827018626183,0.0,ma_crossover
2025-05-21,12048.827018626183,0.0,momentum_accel
2025-05-22,12048.827018626183,0.0,ou_mean_reversion
2025-05-23,12048.827018626183,0.0,ma_crossover
2025-05-27,12048.827018626183,0.0,momentum_accel
2025-05-28,12048.827018626183,0.0,ou_mean_reversion
2025-05-29,12048.827018626183,0.0,ma_crossover
2025-05-30,12048.827018626183,0.0,momentum_accel
2025-06-02,12048.827018626183,0.0,ou_mean_reversion
2025-06-03,12048.827018626183,0.0,ma_crossover
2025-06-04,12048.827018626183,0.0,momentum_accel
2025-06-05,12048.827018626183,0.0,ou_mean_reversion
2025-06-06,12048.827018626183,0.0,ma_crossover
2025-06-09,12048.827018626183,0.0,momentum_accel
2025-06-10,12048.827018626183,0.0,ou_mean_reversion
2025-06-11,12048.827018626183,0.0,ma_crossover
2025-06-12,12048.827018626183,0.0,momentum_accel
2025-06-13,12048.827018626183,0.0,ou_mean_reversion
2025-06-16,12048.827018626183,0.0,ma_crossover
2025-06-17,12048.827018626183,0.0,momentum_accel
2025-06-18,12048.827018626183,0.0,ou_mean_reversion
2025-06-20,12048.827018626183,0.0,ma_crossover
2025-06-23,12048.827018626183,0.0,momentum_accel
2025-06-24,12048.827018626183,0.0,ou_mean_reversion
2025-06-25,12048.827018626183,0.0,ma_crossover
2025-06-26,12048.827018626183,0.0,momentum_accel
2025-06-27,12048.827018626183,0.0,ou_mean_reversion
2025-06-30,12048.827018626183,0.0,ma_crossover
2025-07-01,12048.827018626183,0.0,momentum_accel
2025-07-02,12048.827018626183,0.0,ou_mean_reversion
2025-07-03,12048.827018626183,0.0,ma_crossover
2025-07-07,12048.827018626183,0.0,momentum_accel
2025-07-08,12048.827018626183,0.0,ou_mean_reversion
2025-07-09,12048.827018626183,0.0,ma_crossover
2025-07-10,12048.827018626183,0.0,momentum_accel
2025-07-11,12048.827018626183,0.0,ou_mean_reversion
2025-07-14,12048.827018626183,0.0,ma_crossover
2025-07-15,12048.827018626183,0.0,momentum_accel
2025-07-16,12048.827018626183,0.0,ou_mean_reversion
2025-07-17,12048.827018626183,0.0,ma_crossover
2025-07-18,12048.827018626183,0.0,momentum_accel
2025-07-21,12048.827018626183,0.0,ou_mean_reversion
2025-07-22,12048.827018626183,0.0,ma_crossover
2025-07-23,12048.827018626183,0.0,momentum_accel
2025-07-24,12048.827018626183,0.0,ou_mean_reversion
2025-07-25,12048.827018626183,0.0,ma_crossover
2025-07-28,12048.827018626183,0.0,momentum_accel
2025-07-29,12048.827018626183,0.0,ou_mean_reversion
2025-07-30,12048.827018626183,0.0,ma_crossover
2025-07-31,12048.827018626183,0.0,momentum_accel
2025-08-01,12048.827018626183,0.0,ou_mean_reversion
2025-08-04,12048.827018626183,0.0,ma_crossover
2025-08-05,12048.827018626183,0.0,momentum_accel
2025-08-06,12048.827018626183,0.0,ou_mean_reversion
2025-08-07,12048.827018626183,0.0,ma_crossover
2025-08-08,12048.827018626183,0.0,momentum_accel
2025-08-11,12048.827018626183,0.0,ou_mean_reversion
2025-08-12,12048.827018626183,0.0,ma_crossover
2025-08-13,12048.827018626183,0.0,momentum_accel
2025-08-14,12048.827018626183,0.0,ou_mean_reversion
2025-08-15,12048.827018626183,0.0,ma_crossover
2025-08-18,12048.827018626183,0.0,momentum_accel
2025-08-19,12048.827018626183,0.0,ou_mean_reversion
2025-08-20,12048.827018626183,0.0,ma_crossover
2025-08-21,12048.827018626183,0.0,momentum_accel
2025-08-22,12048.827018626183,0.0,ou_mean_reversion
2025-08-25,12048.827018626183,0.0,ma_crossover
2025-08-26,12048.827018626183,0.0,momentum_accel
2025-08-27,12048.827018626183,0.0,ou_mean_reversion
2025-08-28,12048.827018626183,0.0,ma_crossover
2025-08-29,12048.827018626183,0.0,momentum_accel
2025-09-02,12048.827018626183,0.0,ou_mean_reversion
2025-09-03,12048.827018626183,0.0,ma_crossover
2025-09-04,12048.827018626183,0.0,momentum_accel
2025-09-05,12048.827018626183,0.0,ou_mean_reversion
2025-09-08,12048.827018626183,0.0,ma_crossover
2025-09-09,12048.827018626183,0.0,momentum_accel
2025-09-10,12048.827018626183,0.0,ou_mean_reversion
2025-09-11,12048.827018626183,0.0,ma_crossover
2025-09-12,12048.827018626183,0.0,momentum_accel
2025-09-15,12048.827018626183,0.0,ou_mean_reversion
2025-09-16,12048.827018626183,0.0,ma_crossover
2025-09-17,12048.827018626183,0.0,momentum_accel
2025-09-18,12048.827018626183,0.0,ou_mean_reversion
2025-09-19,12048.827018626183,0.0,ma_crossover
2025-09-22,12048.827018626183,0.0,momentum_accel
2025-09-23,12048.827018626183,0.0,ou_mean_reversion
2025-09-24,12048.827018626183,0.0,ma_crossover
2025-09-25,12048.827018626183,0.0,momentum_accel
2025-09-26,12048.827018626183,0.0,ou_mean_reversion
2025-09-29,12048.827018626183,0.0,ma_crossover
2025-09-30,12048.827018626183,0.0,momentum_accel
2025-10-01,12048.827018626183,0.0,ou_mean_reversion
2025-10-02,12048.827018626183,0.0,ma_crossover
2025-10-03,12048.827018626183,0.0,momentum_accel
2025-10-06,12048.827018626183,0.0,ou_mean_reversion
2025-10-07,12048.827018626183,0.0,ma_crossover
2025-10-08,12048.827018626183,0.0,momentum_accel
2025-10-09,12048.827018626183,0.0,ou_mean_reversion
2025-10-10,12048.827018626183,0.0,ma_crossover
2025-10-13,12048.827018626183,0.0,momentum_accel
2025-10-14,12048.827018626183,0.0,ou_mean_reversion
2025-10-15,12048.827018626183,0.0,ma_crossover
2025-10-16,12048.827018626183,0.0,momentum_accel
2025-10-17,12048.827018626183,0.0,ou_mean_reversion
2025-10-20,12048.827018626183,0.0,ma_crossover
2025-10-21,12048.827018626183,0.0,momentum_accel
2025-10-22,12048.827018626183,0.0,ou_mean_reversion
2025-10-23,12048.827018626185,2.220446049250313e-16,ma_crossover
2025-10-24,12048.827018626185,0.0,momentum_accel
2025-10-27,12048.827018626185,0.0,ou_mean_reversion
2025-10-28,12080.828719204665,0.0026560013293417395,ma_crossover
2025-10-29,12080.828719204665,0.0,momentum_accel
2025-10-30,12080.828719204665,0.0,ou_mean_reversion
2025-10-31,12120.456989565151,0.0032802609226212365,ma_crossover
2025-11-03,12120.456989565151,0.0,momentum_accel
2025-11-04,11976.785998779533,-0.011853595199364908,ma_crossover
2025-11-05,11976.785998779533,0.0,ou_mean_reversion
2025-11-06,11976.785998779533,0.0,momentum_accel
2025-11-07,11976.785998779533,0.0,ou_mean_reversion
2025-11-10,12163.676057929695,0.015604358228426873,ma_crossover
2025-11-11,12191.521186307667,0.0022892033827075497,ma_crossover
2025-11-12,12191.521186307667,0.0,momentum_accel
2025-11-13,12191.521186307667,0.0,ou_mean_reversion
2025-11-14,12189.526702112344,-0.00016359600781934436,ma_crossover
2025-11-17,12189.526702112344,0.0,momentum_accel
2025-11-18,12189.526702112344,0.0,ou_mean_reversion
2025-11-19,12236.616765296076,0.003863157638070769,ma_crossover
2025-11-20,12236.616765296076,0.0,momentum_accel
2025-11-21,12358.508210413309,0.009961204755788877,ou_mean_reversion
2025-11-24,12540.407504339848,0.01471854780767723,ma_crossover
2025-11-25,12658.361486829897,0.009405913041440561,ou_mean_reversion
2025-11-26,12658.361486829897,0.0,momentum_accel
2025-11-28,12727.455896485788,0.00545840073597037,ma_crossover
2025-12-01,12727.455896485788,0.0,ou_mean_reversion
2025-12-02,12727.455896485788,0.0,momentum_accel
2025-12-03,12771.528123088245,0.003462767968783531,ma_crossover
2025-12-04,12771.528123088245,0.0,ou_mean_reversion
2025-12-05,12795.787150693468,0.0018994616283518617,momentum_accel
2025-12-08,12757.345799310368,-0.0030042193520714022,ma_crossover
2025-12-09,12757.345799310368,0.0,ou_mean_reversion
2025-12-10,12757.345799310368,0.0,momentum_accel
2025-12-11,12787.031272655377,0.002326931778130037,ma_crossover
2025-12-12,12787.031272655377,0.0,ou_mean_reversion
2025-12-15,12787.031272655377,0.0,momentum_accel
2025-12-16,12752.093013947355,-0.0027323197983206704,ma_crossover
2025-12-17,12752.093013947355,0.0,ou_mean_reversion
2025-12-18,12752.093013947355,0.0,momentum_accel
2025-12-19,12867.671164696441,0.009063465160007445,ma_crossover
2025-12-22,12867.671164696441,0.0,ou_mean_reversion
2025-12-23,12867.671164696441,0.0,momentum_accel
2025-12-24,12912.934760424085,0.0035176214210250745,ma_crossover
2025-12-26,12912.934760424085,0.0,ou_mean_reversion
2025-12-29,12912.934760424085,0.0,momentum_accel
2025-12-30,12897.166171017243,-0.0012211468345034726,ma_crossover
2025-12-31,12897.166171017243,0.0,ou_mean_reversion
2026-01-02,12897.166171017243,0.0,momentum_accel
2026-01-05,12983.062726939028,0.006660110816809839,ma_crossover
2026-01-06,12983.062726939028,0.0,ou_mean_reversion
2026-01-07,12983.062726939028,0.0,momentum_accel
2026-01-08,12981.74466455481,-0.00010152168343768864,ma_crossover
2026-01-09,12981.74466455481,0.0,ou_mean_reversion
2026-01-12,12981.74466455481,0.0,momentum_accel
2026-01-13,12981.74466455481,0.0,ma_crossover
2026-01-14,12981.74466455481,0.0,ou_mean_reversion
2026-01-15,12981.74466455481,0.0,momentum_accel
2026-01-16,12981.74466455481,0.0,ma_crossover
2026-01-20,12981.74466455481,0.0,ou_mean_reversion
2026-01-21,12981.74466455481,0.0,momentum_accel
2026-01-22,12981.74466455481,0.0,ma_crossover
2026-01-23,12981.74466455481,0.0,ou_mean_reversion
2026-01-26,12981.74466455481,0.0,momentum_accel
2026-01-27,12981.74466455481,0.0,ma_crossover
2026-01-28,12981.74466455481,0.0,ou_mean_reversion
2026-01-29,12981.74466455481,0.0,momentum_accel
2026-01-30,12981.74466455481,0.0,ma_crossover
2026-02-02,12981.74466455481,0.0,ou_mean_reversion
2026-02-03,12981.74466455481,0.0,momentum_accel
2026-02-04,12981.74466455481,0.0,ma_crossover
2026-02-05,12981.74466455481,0.0,ou_mean_reversion
2026-02-06,12981.74466455481,0.0,momentum_accel
2026-02-09,12981.74466455481,0.0,ma_crossover
2026-02-10,12981.74466455481,0.0,ou_mean_reversion
2026-02-11,12981.74466455481,0.0,momentum_accel
2026-02-12,12981.74466455481,0.0,ma_crossover
2026-02-13,12981.74466455481,0.0,ou_mean_reversion
