date,close,ma_short,ma_long,signal,position
2020-01-03,295.4446716309,,,0,0
2020-01-06,296.5719604492,,,0,0
2020-01-07,295.7380065918,,,0,0
2020-01-08,297.3141479492,,,0,0
2020-01-09,299.330078125,,,0,0
2020-01-10,298.4686889648,,,0,0
2020-01-13,300.5213623047,,,0,0
2020-01-14,300.0631713867,,,0,0
2020-01-15,300.7413330078,,,0,0
2020-01-16,303.2429504395,,,0,0
2020-01-17,304.1867980957,,,0,0
2020-01-21,303.591217041,,,0,0
2020-01-22,303.6278381348,,,0,0
2020-01-23,303.9760437012,,,0,0
2020-01-24,301.2727966309,,,0,0
2020-01-27,296.4436035156,,,0,0
2020-01-28,299.5500793457,,,0,0
2020-01-29,299.3025817871,,,0,0
2020-01-30,300.2739257812,,,0,0
2020-01-31,294.8216552734,299.72414550781,,0,0
2020-02-03,297.0116882324,299.802496337885,,0,0
2020-02-04,301.5386047363,300.05082855224,,0,0
2020-02-05,305.0206298828,300.51495971679,,0,0
2020-02-06,306.0470275879,300.951603698725,,0,0
2020-02-07,304.4159545898,301.20589752196497,,0,0
2020-02-10,306.6884765625,301.61688690184997,,0,0
2020-02-11,307.2199707031,301.95181732177,,0,0
2020-02-12,309.1992797852,302.408622741695,,0,0
2020-02-13,308.8695068359,302.8150314331,,0,0
2020-02-14,309.3642272949,303.12109527587,,0,0
2020-02-18,308.5671081543,303.3401107788,,0,0
2020-02-19,310.0424194336,303.66267089843,,0,0
2020-02-20,308.7687072754,303.91971435546,,0,0
2020-02-21,305.5888671875,304.000355529775,,0,0
2020-02-24,295.4538879395,303.70941009520504,,0,0
2020-02-25,286.5010681152,303.212283325185,,0,0
2020-02-26,285.4471740723,302.507138061515,,0,0
2020-02-27,272.6272888184,301.17337341308,,0,0
2020-02-28,271.481842041,299.73376922606997,,0,0
2020-03-02,283.2388000488,299.15462646484,,0,0
2020-03-03,275.1289978027,298.06049194335503,,0,0
2020-03-04,286.6934814453,297.318235778805,,0,0
2020-03-05,277.1632080078,295.925364685055,,0,0
2020-03-06,272.581451416,294.25208587646,,0,0
2020-03-09,251.2942962646,291.59600296020005,,0,0
2020-03-10,264.2975463867,289.47645645141,,0,0
2020-03-11,251.4134216309,286.6861289978,,0,0
2020-03-12,227.3589477539,282.594112396235,,0,0
2020-03-13,246.7950134277,279.490387725825,,0,0
2020-03-16,219.7897644043,275.011664581295,291.001831359858,0,0
2020-03-17,231.6566619873,271.16614227294497,289.726071166986,0,0
2020-03-18,219.9272003174,266.660381317135,288.19317596435,0,0
2020-03-19,220.3945617676,262.241674041745,286.686307067866,0,0
2020-03-20,210.8968200684,257.50707168579004,284.95796051025,0,0
2020-03-23,205.5045928955,253.00960693358996,283.08145080566004,0,0
2020-03-24,224.1239776611,249.890752410885,281.594556579586,0,0
2020-03-25,227.4791259766,246.99235000610003,280.133711853024,0,0
2020-03-26,240.7616577148,245.39906845092,278.947681579586,0,0
2020-03-27,233.5903625488,243.50449447631004,277.604662170406,0,0
2020-03-30,241.1763763428,241.40137329101003,276.363330688472,0,0
2020-03-31,237.5815582275,239.52400131225,275.031225891108,0,0
2020-04-01,226.8892364502,236.533789062495,273.497186279292,0,0
2020-04-02,232.1248016357,234.28186874389002,272.06712554931,0,0
2020-04-03,228.7696075439,232.09127655028502,270.56299682616395,0,0
2020-04-06,244.1352233887,231.73332290649,269.42024536132,0,0
2020-04-07,244.3840789795,230.73764953613,268.379054870598,0,0
2020-04-08,252.5876159668,230.79635925292501,267.43980560302,0,0
2020-04-09,256.431427002,232.24998321533,266.582382507318,0,0
2020-04-13,254.090133667,232.61473922729502,265.658706665034,0,0
2020-04-14,261.583984375,234.70445022583,264.99395324706603,0,0
2020-04-15,256.0258789062,235.92291107177502,264.174237060542,0,0
2020-04-16,257.260925293,237.789597320555,263.288683471676,0,0
2020-04-17,264.2110290527,239.98042068481004,262.472491455074,0,0
2020-04-20,259.5561218262,242.4133857727,261.54267333984,0,0
2020-04-21,251.675201416,244.721916198725,260.487858276364,0,0
2020-04-22,257.260925293,246.37876358032003,259.499307250974,0,0
2020-04-23,257.2425231934,247.86693344115997,258.49975830078,0,0
2020-04-24,260.828125,248.87025680542,257.532335205076,0,0
2020-04-27,264.5888366699,250.42018051147497,256.646721801756,0,0
2020-04-28,263.3721618652,251.529969787595,255.72688049316199,0,0
2020-04-29,270.2668762207,253.164235687255,254.96087585449,0,0
2020-04-30,267.7504882812,255.207298278805,254.115037231442,1,0
2020-05-01,260.6622314453,256.634169769285,253.15290771484,1,1
2020-05-04,261.3811950684,258.26474914551,252.26875427245804,1,1
2020-05-05,263.7961730957,259.24779663086,251.635599975582,1,1
2020-05-06,262.0079956055,260.12899246216,251.145738525388,1,1
2020-05-07,265.1695861816,260.7580909729,250.74018676757402,1,1
2020-05-08,269.5570983887,261.414374542235,250.67878295898,1,1
2020-05-11,269.6124572754,262.190490722655,250.641395263668,1,1
2020-05-12,264.2387084961,262.32322692870997,250.26139343261403,1,1
2020-05-13,259.5653991699,262.500202941895,249.95012145995804,1,1
2020-05-14,262.6716918945,262.77074127197,249.469685668942,1,1
2020-05-15,263.8790893555,262.75414428710997,249.204003295896,1,1
2020-05-18,271.916809082,263.3721786499,249.190710449216,1,1
2020-05-19,269.1239013672,264.24461364746,249.547302551268,1,1
2020-05-20,273.6958007812,265.06635742187,249.735267639158,1,1
2020-05-21,271.8062744141,265.794544982905,250.143124694822,1,1
2020-05-22,272.3222961426,266.369253540035,251.04239166259597,1,1
2020-05-26,275.6775512695,266.923689270015,251.620042419432,1,1
2020-05-27,279.7792663574,267.744044494625,252.81983245849398,1,1
2020-05-28,279.2632141113,268.193861389155,253.771963500974,1,1
2020-05-29,280.5075378418,268.831713867185,254.983570251462,1,1
2020-06-01,281.6412658691,269.880665588375,256.208504333492,1,1
2020-06-02,283.9732971191,271.01027069091003,257.67003387450603,1,1
2020-06-03,287.7524414062,272.20808410643497,259.31499084472,1,1
2020-06-04,286.9966430664,273.45751647948,260.572444152826,1,1
2020-06-05,294.3522644043,274.916650390615,261.90990692138,1,1
2020-06-08,297.9101867676,276.33430480955997,263.05287750243605,1,1
2020-06-09,295.6887817383,277.638121032705,264.29484588622597,1,1
2020-06-10,294.038848877,279.12812805174997,265.35209533691,1,1
2020-06-11,277.087890625,280.004252624505,266.14222198486,1,1
2020-06-12,280.4061584473,280.89097595214497,267.212560424802,1,1
2020-06-15,283.0238342285,281.848213195795,268.230541076658,1,1
2020-06-16,288.4714050293,282.67594299316,269.424577026366,1,1
2020-06-17,287.2732849121,283.583412170405,270.287338256834,1,1
2020-06-18,287.3837890625,284.26781158447,271.147332458494,1,1
2020-06-19,285.7415161133,284.96457366943,271.810410461424,1,1
2020-06-22,287.574432373,285.72718048095,272.43327056884397,1,1
2020-06-23,288.8984375,286.38822479247494,273.129436645504,1,1
2020-06-24,281.5289916992,286.475711059565,273.528336791988,1,1
2020-06-25,284.5471496582,286.73990783691,274.09876220702796,1,1
2020-06-26,277.7886962891,286.60396575927496,274.50931762695,1,1
2020-06-29,281.8715515137,286.615480041505,274.86252807617,1,1
2020-06-30,285.4821777344,286.69092407227,275.381049194334,1,1
2020-07-01,287.4819030762,286.67739715577,276.097183227538,1,1
2020-07-02,289.0650939941,286.780819702155,276.73326660156,1,1
2020-07-06,293.5274353027,,,0,0
2020-07-07,290.5000915527,,,0,0
2020-07-08,292.7220458984,,,0,0
2020-07-09,291.0555114746,,,0,0
2020-07-10,294.0274047852,,,0,0
2020-07-13,291.4813842773,,,0,0
2020-07-14,295.2587890625,,,0,0
2020-07-15,297.9713439941,,,0,0
2020-07-16,296.9900512695,,,0,0
2020-07-17,297.8510131836,,,0,0
2020-07-20,300.2580871582,,,0,0
2020-07-21,300.8969116211,,,0,0
2020-07-22,302.6095581055,,,0,0
2020-07-23,298.9989624023,,,0,0
2020-07-24,297.0732421875,,,0,0
2020-07-27,299.2397460938,,,0,0
2020-07-28,297.3418273926,,,0,0
2020-07-29,300.9986877441,,,0,0
2020-07-30,299.9248352051,,,0,0
2020-07-31,302.2948608398,297.05108947753,,0,0
2020-08-03,304.3963928223,297.59453735350996,,0,0
2020-08-04,305.5721435547,298.34813995361003,,0,0
2020-08-05,307.4701843262,299.085546875,,0,0
2020-08-06,309.5253601074,300.00903930664,,0,0
2020-08-07,309.7475891113,300.79504852294497,,0,0
2020-08-10,310.6734008789,301.754649353025,,0,0
2020-08-11,308.1089172363,302.397155761715,,0,0
2020-08-12,312.4047546387,303.118826293945,,0,0
2020-08-13,311.840057373,303.86132659912,,0,0
2020-08-14,311.8492431641,304.561238098145,,0,0
2020-08-17,312.8398742676,305.190327453615,,0,0
2020-08-18,313.5156860352,305.82126617432,,0,0
2020-08-19,312.2102661133,306.30130157471,,0,0
2020-08-20,313.1824035645,307.01047363282,,0,0
2020-08-21,314.2933654785,307.87147979737,,0,0
2020-08-24,317.4781799316,308.78340148926,,0,0
2020-08-25,318.5891113281,309.845765686035,,0,0
2020-08-26,321.7831115723,310.884986877445,,0,0
2020-08-27,322.4867248535,312.013081359865,,0,0
2020-08-28,324.5697937012,313.126828002935,,0,0
2020-08-31,323.3940734863,314.07671203613506,,0,0
2020-09-01,326.4399108887,315.120100402835,,0,0
2020-09-02,331.1616210938,316.30467224121503,,0,0
2020-09-03,319.7648620605,316.81664733887,,0,0
2020-09-04,317.154083252,317.186972045905,,0,0
2020-09-08,308.4884643555,317.07772521973504,,0,0
2020-09-09,314.5803527832,317.40129699708,,0,0
2020-09-10,309.1180114746,317.236959838875,,0,0
2020-09-11,309.2754821777,317.10873107911,,0,0
2020-09-14,313.3489990234,317.183718872075,307.5256842041,1,0
2020-09-15,314.9321899414,317.28833465576497,307.953779296874,1,1
2020-09-16,313.6823120117,317.29666595459,308.417423706054,1,1
2020-09-17,310.9234008789,317.23232269287,308.781450805664,1,1
2020-09-18,307.3437805176,316.940391540525,309.107216186524,1,1
2020-09-21,303.9232788086,316.42188720703,309.305133666992,1,1
2020-09-22,307.0184936523,315.89890289306504,309.615875854492,1,1
2020-09-23,299.8984985352,314.96437225342004,309.70867004394603,1,1
2020-09-24,300.6978149414,313.910107421875,309.76319946289203,1,1
2020-09-25,305.5592346191,313.06373291015495,309.934583129884,1,1
2020-09-28,310.6343383789,312.36696014404004,310.19024963379,1,1
2020-09-29,308.9425964355,311.6443862915,310.363939819336,1,1
2020-09-30,311.2850341797,310.88664245605,310.571702270508,1,1
2020-10-01,313.2834777832,309.99273529052005,310.785180664062,0,1
2020-10-02,310.3089904785,309.51994171142,311.01138122558604,0,0
2020-10-05,315.8117370605,309.452824401845,311.386151123046,0,0
2020-10-06,311.3221435547,309.59450836180497,311.627799072264,0,0
2020-10-07,316.7412414551,309.70255279540004,312.015787353514,0,0
2020-10-08,319.5482788086,310.22406616210003,312.386779174804,0,0
2020-10-09,322.4019775391,310.88039093017,312.836322021484,0,0
2020-10-12,327.5886230469,311.59237213134503,313.342197265626,0,0
2020-10-13,325.4508056641,312.11830291748004,313.763285522462,0,0
2020-10-14,323.4058532715,312.60447998047,314.119959716798,0,0
2020-10-15,323.0061340332,313.208616638185,314.43067871093797,0,0
2020-10-16,322.8109436035,313.98197479247995,314.69639038086,0,0
2020-10-19,317.903137207,314.6809677124,314.859501342774,0,0
2020-10-20,319.176574707,315.288871765135,315.029564819336,1,0
2020-10-21,318.5724182129,316.22256774901996,315.238834838868,1,1
2020-10-22,320.3197937012,317.20366668701,315.397135620118,1,1
2020-10-23,321.407409668,317.996075439455,315.58848266601797,1,1
2020-10-26,315.4678039551,318.237748718265,315.660853881838,1,1
2020-10-27,314.3802490234,318.50963134766,315.691661376954,1,1
2020-10-28,303.6351318359,318.12713623047,315.494050292968,1,1
2020-10-29,306.7210388184,317.79901428223,315.38426574707,1,1
2020-10-30,303.5235900879,317.4597442627,315.19108947753796,1,1
2020-11-02,306.9256591797,317.01544036866005,315.04373535156196,1,1
2020-11-03,312.3446350098,317.066564941415,314.941064453126,1,1
2020-11-04,319.3253173828,317.1957687378,314.95578857422,1,1
2020-11-05,325.5530395508,317.49600677491,315.03118713379,1,1
2020-11-06,325.4786682129,317.6498413086,315.091026000978,1,1
2020-11-09,329.5685424805,317.74883728028,315.191000976564,1,1
2020-11-10,329.0852050781,317.93055725098003,315.3048236084,1,1
2020-11-11,331.5298156738,318.336755371095,315.406621704102,1,1
2020-11-12,328.3135986328,318.602128601075,315.349661254882,1,1
2020-11-13,332.8590087891,319.104531860355,315.61154418945404,1,1
2020-11-16,337.0139770508,320.06007385254503,316.00874206543,1,1
2020-11-17,335.2013549805,320.86131286622,316.54299987793,1,1
2020-11-18,331.1672363281,321.49105377198003,316.87473754882797,1,1
2020-11-19,332.5615234375,322.103140258795,317.343607788086,1,1
2020-11-20,330.2842102051,322.54698028565,317.763782348634,1,1
2020-11-23,332.2641296387,323.38679656983004,318.14208496094,1,1
2020-11-24,337.6180725098,324.54868774415,318.595802612308,1,1
2020-11-25,337.0975952148,326.221810913095,319.06410827637,1,1
2020-11-27,338.0364379883,327.78758087158997,319.606369018558,1,1
2020-11-30,336.5399169922,329.438397216805,320.19029174805,1,1
2020-12-01,340.2207641602,331.10315246583,320.916241455082,1,1
2020-12-02,340.9364624023,332.53274383545505,321.594600830082,1,1
2020-12-03,340.8435974121,333.60865783692,322.41350280762003,1,1
2020-12-04,343.7808227539,334.520046997075,323.27516296387,1,1
2020-12-07,343.0743103027,335.399829101565,324.02546447754196,1,1
2020-12-08,344.0782165527,336.125312805175,324.694342041018,1,1
2020-12-09,340.9922180176,336.72066345215,325.33533447266,1,1
2020-12-10,340.8807373047,337.188209533695,325.92724853516,1,1
2020-12-11,340.4809875488,337.796578979495,326.471198730472,1,1
2020-12-14,338.9566345215,338.101460266115,327.044151611332,1,1
2020-12-15,343.5391540527,338.42771911620997,327.598699951176,1,1
2020-12-16,344.0782165527,338.87156219482,328.253821411136,1,1
2020-12-17,346.0023498535,339.61331787109,328.83904357910404,1,1
2020-12-18,344.6207580566,340.21627960204495,329.340493164064,1,1
2020-12-21,343.3885498047,340.871496582025,329.760224609376,1,1
2020-12-22,342.8098144531,341.398780822745,330.0646484375,1,1
2020-12-23,343.1179199219,341.67377319335003,330.41799072265604,1,1
2020-12-24,344.4527282715,342.04152984618497,330.838928222656,1,1
2020-12-28,347.4119262695,342.510304260245,331.327044067382,1,1
2020-12-29,346.7490844727,343.02076263427,331.805806884766,1,1
2020-12-30,347.2438354492,343.37191619872,332.39262084960995,1,1
2020-12-31,349.0081787109,343.77550201415,332.989252929688,1,1
2021-01-04,344.2566833496,343.946156311025,333.50293823242197,1,1
2021-01-05,346.6278076172,344.08850555419,334.02909851074196,1,1
2021-01-06,348.7001342773,344.36979675291997,334.574953002928,1,1
2021-01-07,353.8809204102,,,0,0
2021-01-08,355.8971862793,,,0,0
2021-01-11,353.4981384277,,,0,0
2021-01-12,353.5728149414,,,0,0
2021-01-13,354.5250549316,,,0,0
2021-01-14,353.2834777832,,,0,0
2021-01-15,350.7071228027,,,0,0
2021-01-19,353.4608154297,,,0,0
2021-01-20,358.3522338867,,,0,0
2021-01-21,358.678894043,,,0,0
2021-01-22,357.4094543457,,,0,0
2021-01-25,358.8190002441,,,0,0
2021-01-26,358.2588806152,,,0,0
2021-01-27,349.5028991699,,,0,0
2021-01-28,352.5086669922,,,0,0
2021-01-29,345.4515686035,,,0,0
2021-02-01,351.2017822266,,,0,0
2021-02-02,356.1679077148,353.5252380371,,0,0
2021-02-03,356.4479675293,354.016246032705,,0,0
2021-02-04,360.499206543,354.60619964599,,0,0
2021-02-05,361.9180297852,355.00805511474,,0,0
2021-02-08,364.5318908691,355.43979034423,,0,0
2021-02-09,364.2891235352,355.979339599605,,0,0
2021-02-10,364.1304626465,356.50722198485994,,0,0
2021-02-11,364.7185058594,357.01689453125,,0,0
2021-02-12,366.520111084,357.67872619629003,,0,0
2021-02-16,366.2027587891,358.45350799561,,0,0
2021-02-17,366.2867736816,359.09480590820505,,0,0
2021-02-18,364.7279052734,359.41358947754,,0,0
2021-02-19,364.083770752,359.68383331299003,,0,0
2021-02-22,361.2832641602,359.877523803715,,0,0
2021-02-23,361.7221374512,360.02268066407,,0,0
2021-02-24,365.7080078125,360.39513702393504,,0,0
2021-02-25,356.8960876465,360.764796447765,,0,0
2021-02-26,355.0570068359,360.89221343995,,0,0
2021-03-01,363.6636962891,361.80281982422997,,0,0
2021-03-02,360.8259887695,362.284030151375,,0,0
2021-03-03,356.0464782715,362.27795867921,,0,0
2021-03-04,351.6405639648,362.037588500985,,0,0
2021-03-05,358.1095275879,361.91810455322997,,0,0
2021-03-08,356.3265380859,361.638529968265,,0,0
2021-03-09,361.4140930176,361.48264007569003,,0,0
2021-03-10,363.6636962891,361.451368713385,,0,0
2021-03-11,367.3509521484,361.61239318848004,,0,0
2021-03-12,367.845703125,361.76875305176,,0,0
2021-03-15,370.0393981934,361.94471740723003,,0,0
2021-03-16,369.5726013184,362.113209533695,,0,0
2021-03-17,370.8327941895,362.34051055909,359.057196044924,1,0
2021-03-18,365.4373168945,362.375981140145,359.43338623047003,1,1
2021-03-19,364.7611694336,362.409851074225,359.754606933596,1,1
2021-03-22,367.6737670898,362.729376220705,360.030463867188,1,1
2021-03-23,364.779876709,362.882263183595,360.20811767578203,1,1
2021-03-24,362.9255371094,362.74313964844,360.396665649416,1,1
2021-03-25,364.9671630859,363.14669342041003,360.624552612306,1,1
2021-03-26,370.8486328125,363.93627471924003,360.951024169924,1,1
2021-03-29,370.661315918,364.286155700685,361.29858093262004,1,1
2021-03-30,369.6780090332,364.72875671387,361.67799865723,1,1
2021-03-31,371.176361084,365.485250854495,362.032309570316,1,1
2021-04-01,375.184753418,366.662460327155,362.368959960942,1,1
2021-04-05,380.5698242188,367.7854751587,362.806778564458,1,1
2021-04-06,380.3450622559,368.9864013672,363.265490722662,1,1
2021-04-07,380.7852172852,369.95495758058,363.70481506348403,1,1
2021-04-08,382.5927429199,370.90140991212,364.19149230957805,1,1
2021-04-09,385.374206543,371.80257263185,364.90891845704,1,1
2021-04-12,385.5147094727,372.686022949235,365.56903930665,1,1
2021-04-13,386.6573486328,373.516920471205,366.393154907236,1,1
2021-04-14,385.3368225098,374.305131530775,367.0758557129,1,1
2021-04-15,389.4762878418,375.23730621339,367.74202331544,1,1
2021-04-16,390.7780151367,376.5043411255,368.428624267588,1,1
2021-04-19,388.8581848145,377.70919189454503,368.995803833018,1,1
2021-04-20,386.011138916,378.626060485855,369.47766601563404,1,1
2021-04-21,389.6635742188,379.87024536134504,369.98029968262796,1,1
2021-04-22,386.1047363281,381.02920532228,370.416611938486,1,1
2021-04-23,390.2911071777,382.29540252686996,370.93982482911,1,1
2021-04-26,391.1058044434,383.30826110841497,371.46757080079,1,1
2021-04-27,391.021484375,384.326269531265,371.95759826661,1,1
2021-04-28,390.9091796875,385.38782806398,372.451726684578,1,1
2021-04-29,393.4003295898,386.49902648927,372.993997802742,1,1
2021-04-30,390.8154602051,387.280561828625,373.515748901376,1,1
2021-05-03,391.6584472656,387.834992980965,374.06724243164797,1,1
2021-05-04,389.2421569824,388.27984771728995,374.626420288092,1,1
2021-05-05,389.3638000488,388.70877685547003,375.179253540044,1,1
2021-05-06,392.4731750488,389.202798461915,375.71455688477,1,1
2021-05-07,395.3295288086,389.700564575195,376.483225708012,1,1
2021-05-10,391.4149169922,389.99557495117,377.21038391113797,1,1
2021-05-11,387.9216003418,390.05878753662,377.69554199219203,1,1
2021-05-12,379.6801452637,389.775953674315,378.07262512207603,1,1
2021-05-13,384.2410583496,389.514192199705,378.63651672363795,1,1
2021-05-14,390.1412353516,389.48235321045,379.40653015137394,1,1
2021-05-17,389.1484680176,389.496867370605,380.02730895996797,1,1
2021-05-18,385.795715332,389.48609619140495,380.61669250489,1,1
2021-05-19,384.7841796875,389.24212646484,381.084094238288,1,1
2021-05-20,388.9237060547,389.38307495117,381.5892944336,1,1
2021-05-21,388.6052856445,389.29878387451004,382.01438110352206,1,1
2021-05-24,392.5668334961,389.371835327145,382.508803710944,1,1
2021-05-25,391.6958312988,389.405552673335,382.94193237305205,1,1
2021-05-26,392.4731750488,389.48375244140004,383.39994384766004,1,1
2021-05-27,392.6791687012,389.44769439697,383.836871337894,1,1
2021-05-28,393.3816223145,389.57600250244,384.395757446294,1,1
2021-06-01,393.03515625,389.64483795165995,384.9612371826221,1,1
2021-06-02,393.6531677246,389.86538848877,385.480825195318,1,1
2021-06-03,392.1922607422,390.00681152344004,386.02907287598197,1,1
2021-06-04,395.7791137695,390.172108459475,386.68614440918407,1,1
2021-06-07,395.3951416016,390.175389099125,387.294703979498,1,1
2021-06-08,395.4794311523,390.37861480713,387.787319946294,1,1
2021-06-09,394.8893737793,390.727003479005,388.27188110352,1,1
2021-06-10,396.7250061035,391.579246520995,388.812821044926,1,1
2021-06-11,397.3805847168,392.23622283935504,389.33690551758195,1,1
2021-06-14,398.2702941895,392.64267578125,389.798616333012,1,1
2021-06-15,397.5398254395,393.062243652345,390.13801635742595,1,1
2021-06-16,395.3201599121,393.53846588135,390.43751831055,1,1
2021-06-17,395.1891174316,394.058712768555,390.72559631347804,1,1
2021-06-18,389.8579101562,394.10542297362997,390.870899658204,1,1
2021-06-21,395.4389953613,394.44710845947,391.07219543457,1,1
2021-06-22,397.5531616211,394.69642486572,391.31296447753806,1,1
2021-06-23,397.0739440918,394.96533050536993,391.521296386718,1,1
2021-06-24,399.4229431152,395.31281890869,391.80301879882603,1,1
2021-06-25,400.8417358398,395.72094726562,392.03032775878603,1,1
2021-06-28,401.6498413086,396.134358215325,392.247764282224,1,1
2021-06-29,401.8659362793,396.57589721679,392.50791931152,1,1
2021-06-30,402.2040405273,397.003440856925,392.831777343746,1,1
2021-07-01,404.4310302734,397.615379333485,393.127126464838,1,1
2021-07-02,407.522277832,398.20253753661,393.555477294916,1,1
2021-07-06,406.7799987793,,,0,0
2021-07-07,408.217590332,,,0,0
2021-07-08,404.891418457,,,0,0
2021-07-09,409.2135314941,,,0,0
2021-07-12,410.6792907715,,,0,0
2021-07-13,409.2793884277,,,0,0
2021-07-14,409.8900756836,,,0,0
2021-07-15,408.4900512695,,,0,0
2021-07-16,405.2860107422,,,0,0
2021-07-19,399.30078125,,,0,0
2021-07-20,405.0229797363,,,0,0
2021-07-21,408.3020935059,,,0,0
2021-07-22,409.1571960449,,,0,0
2021-07-23,413.3665771484,,,0,0
2021-07-26,414.3813476562,,,0,0
2021-07-27,412.4927978516,,,0,0
2021-07-28,412.323638916,,,0,0
2021-07-29,414.0337219238,,,0,0
2021-07-30,412.0228881836,,,0,0
2021-08-02,411.1585388184,409.2144958496,,0,0
2021-08-03,414.5034484863,409.60066833495,,0,0
2021-08-04,412.4645996094,409.81301879882005,,0,0
2021-08-05,415.0766601562,410.32228088377997,,0,0
2021-08-06,415.7625427246,410.64973144530506,,0,0
2021-08-09,415.4243164062,410.88698272704005,,0,0
2021-08-10,415.9410400391,411.22006530761,,0,0
2021-08-11,416.974609375,411.57429199218006,,0,0
2021-08-12,418.2243041992,412.06100463866494,,0,0
2021-08-13,418.9854431152,412.74597625731496,,0,0
2021-08-16,419.9719848633,413.77953643798,,0,0
2021-08-17,417.218963623,414.38933563231495,,0,0
2021-08-18,412.6524658203,414.60685424803506,,0,0
2021-08-19,413.2914123535,414.81356506346503,,0,0
2021-08-20,416.5800170898,414.97423706053496,,0,0
2021-08-23,420.2444458008,415.267391967765,,0,0
2021-08-24,420.9115905762,415.688331603995,,0,0
2021-08-25,421.7947692871,416.16188812255007,,0,0
2021-08-26,419.3048706055,416.425445556635,,0,0
2021-08-27,423.053894043,416.97699584960503,,0,0
2021-08-30,424.9143066406,417.664784240715,,0,0
2021-08-31,424.2846679688,418.15384521484003,,0,0
2021-09-01,424.5102233887,418.75612640380507,,0,0
2021-09-02,425.8162841797,419.29310760498004,,0,0
2021-09-03,425.7129211426,419.79062652588,,0,0
2021-09-07,424.1907348633,420.228947448735,,0,0
2021-09-08,423.6740112305,420.61559600830503,,0,0
2021-09-09,421.8605651855,420.85989379883006,,0,0
2021-09-10,418.534362793,420.87539672852,,0,0
2021-09-13,419.6054992676,420.90639953614,,0,0
2021-09-14,417.3410949707,420.77485504151,415.262319335934,1,0
2021-09-15,420.8270263672,420.95525817872004,415.543259887692,1,1
2021-09-16,420.1598510742,421.330627441415,415.782105102536,1,1
2021-09-17,416.0670166016,421.46940765382,416.00561706542794,1,1
2021-09-20,409.129486084,421.09688110353,416.00393615722606,1,1
2021-09-21,408.7430114746,420.52180938722006,415.96521057128797,1,1
2021-09-22,412.7302246094,420.11274108888,416.034227294922,1,1
2021-09-23,417.7449035645,419.91024780275,416.19132385254,1,1
2021-09-24,418.4330444336,419.866656494155,416.39018371582205,1,1
2021-09-27,417.2359313965,419.57575836182997,416.629182128908,1,1
2021-09-28,408.8278198242,418.77143402101,416.819722900392,1,1
2021-09-29,409.5159301758,418.03299713136005,416.909581909182,1,1
2021-09-30,404.5107421875,417.03302307129997,416.83375488281405,1,1
2021-10-01,409.3180236816,416.208110046395,416.83697143554804,0,1
2021-10-04,404.0394287109,415.12443542481,416.65042846679796,0,0
2021-10-05,408.243347168,414.327066040045,416.527668457034,0,0
2021-10-06,409.9401550293,413.640373229985,416.476615600588,0,0
2021-10-07,413.484375,413.22156372071004,416.49983032226805,0,0
2021-10-08,412.7302246094,412.93135681153,416.47376037597996,0,0
2021-10-11,409.7422180176,412.43819274903,416.42814697266004,0,0
2021-10-12,408.7335510254,412.007815551765,416.3796472168,0,0
2021-10-13,410.2040710449,411.47666778564997,416.29365966797195,0,0
2021-10-14,417.1039123535,411.323870849615,416.38644592285397,0,0
2021-10-15,420.2805175781,411.53454589843994,416.490523071292,0,0
2021-10-18,421.5247192383,412.154307556155,416.605766601566,0,0
2021-10-19,424.7767028809,412.95599212647005,416.7928143310601,0,0
2021-10-20,426.4451599121,413.64173889160503,417.00289672852,0,0
2021-10-21,427.5574645996,414.13236694336,417.21455383301196,0,0
2021-10-22,427.1144104004,414.56643524169993,417.392355957036,0,0
2021-10-25,429.4049987793,415.17488861084,417.60074707031805,0,0
2021-10-26,429.7913818359,416.2230667114251,417.79713500977005,0,0
2021-10-27,427.8873901367,417.14163970947004,418.010503540044,0,0
2021-10-28,432.0159912109,418.51690216064,418.397774047856,1,0
2021-10-29,432.8926086426,419.69563140869,418.789797973638,1,1
2021-11-01,433.637298584,421.17552490234505,419.1309436035219,1,1
2021-11-02,435.3904724121,422.5328811645501,419.433864135748,1,1
2021-11-03,438.0486755371,423.93830718993996,419.77660583496595,1,1
2021-11-04,440.1130371094,425.26974029541,420.142971191412,1,1
2021-11-05,441.640045166,426.71523132324,420.589674682622,1,1
2021-11-08,442.0170593262,428.3289733886701,420.96893798828603,1,1
2021-11-09,440.5559997559,429.92009582519495,421.28177185059207,1,1
2021-11-10,437.0118713379,431.26048583984505,421.536315917974,1,1
2021-11-11,437.1531982422,432.26295013428,421.789175415044,1,1
2021-11-12,440.452331543,433.2715408325251,422.08189636231,1,1
2021-11-15,440.6031188965,434.225460815435,422.37970031738803,1,1
2021-11-16,442.3470458984,435.10397796631,422.74282653809,1,1
2021-11-17,441.2723999023,435.84533996581996,423.09479431152596,1,1
2021-11-18,442.7711791992,436.6060256958,423.5130065918,1,1
2021-11-19,441.9793701172,437.34927368164,423.981906738284,1,1
2021-11-22,440.7351074219,437.91577911377,424.40449890136995,1,1
2021-11-23,441.3194580078,438.49218292236503,424.884066162112,1,1
2021-11-24,442.4978027344,439.22270355225,425.31748168945603,1,1
2021-11-26,432.6287231445,439.25334014892996,425.566859130862,1,1
2021-11-29,437.9356079102,439.50549011231004,426.004230957034,1,1
2021-11-30,429.4144897461,439.294349670415,426.40993103027597,1,1
2021-12-01,424.6447753906,438.7570648193399,426.727966308596,1,1
2021-12-02,431.1487731934,438.41206970215507,427.096337280276,1,1
2021-12-03,427.3972167969,437.77627868652996,427.28938354492396,1,1
2021-12-06,432.4590454102,437.31722869873994,427.56990356445596,1,1
2021-12-07,441.4043273926,437.28659210205996,428.053271484378,1,1
2021-12-08,442.5732421875,437.38745422364,428.728179931644,1,1
2021-12-09,439.585144043,437.516117858895,429.329564208988,1,1
2021-12-10,443.7231750488,437.844616699225,430.113812866214,1,1
2021-12-13,439.7925415039,437.81162719727,430.72330322266,1,1
2021-12-14,436.7666931152,437.619805908205,431.37784851074605,1,1
2021-12-15,443.5912475586,437.68201599121494,432.084806518558,1,1
2021-12-16,439.6794433594,437.60236816406996,432.67959228516,1,1
2021-12-17,435.0,437.21380920411,433.10990478516004,1,1
2021-12-20,430.3744506836,436.63356323243,433.46278930664397,1,1
2021-12-21,438.0174255371,436.49767913818994,434.028293457034,1,1
2021-12-22,442.3970031738,436.55155639649,434.701562500002,1,1
2021-12-23,445.1497192383,436.68415222168494,435.40047546387,1,1
2021-12-27,451.4494934082,437.62519073487,436.087387084964,1,1
2021-12-28,451.0805664062,438.28243865967,436.70338806152597,1,1
2021-12-29,451.6575927734,439.39459381103495,437.30604553222804,1,1
2021-12-30,450.4089660645,440.68280334473,437.81869079589995,1,1
2021-12-31,449.2739257812,441.58906097412,438.275266113282,1,1
2022-01-03,451.8751831055,442.81295928955007,438.76162048340007,1,1
2022-01-04,451.7237854004,443.77619628906007,439.25380798339995,1,1
2022-01-05,443.0497436523,443.85846710204504,439.52670288085994,1,1
2022-01-06,442.6334838867,443.8614791870051,439.78354492187594,1,1
2022-01-07,440.883605957,,,0,0
2022-01-10,440.3348999023,,,0,0
2022-01-11,444.345703125,,,0,0
2022-01-12,445.546875,,,0,0
2022-01-13,439.4078979492,,,0,0
2022-01-14,439.587677002,,,0,0
2022-01-18,431.8027038574,,,0,0
2022-01-19,427.3190612793,,,0,0
2022-01-20,422.5895080566,,,0,0
2022-01-21,414.2937927246,,,0,0
2022-01-24,416.0532226562,,,0,0
2022-01-25,410.9736022949,,,0,0
2022-01-26,409.942565918,,,0,0
2022-01-27,407.9182739258,,,0,0
2022-01-28,418.049041748,,,0,0
2022-01-31,425.578704834,,,0,0
2022-02-01,428.4541931152,,,0,0
2022-02-02,432.6162109375,,,0,0
2022-02-03,422.4476623535,428.03893432615996,,0,0
2022-02-04,424.4340209961,427.12896118162996,,0,0
2022-02-07,423.0718994141,426.238375854485,,0,0
2022-02-08,426.5528564453,425.549273681635,,0,0
2022-02-09,432.7959594727,424.97178649901997,,0,0
2022-02-10,425.0205688477,423.945471191405,,0,0
2022-02-11,416.6396789551,422.8070602417,,0,0
2022-02-14,415.2774963379,421.591551208495,,0,0
2022-02-15,421.9746398926,421.100148010255,,0,0
2022-02-16,422.4476623535,420.856578063965,,0,0
2022-02-17,413.4235229492,420.398278808595,,0,0
2022-02-18,410.7466430664,420.220921325685,,0,0
2022-02-22,406.3386230469,419.73519134522,,0,0
2022-02-23,399.130645752,419.14304351807505,,0,0
2022-02-24,405.1372375488,418.90277709961504,,0,0
2022-02-25,414.0762634277,419.21067657471,,0,0
2022-02-28,413.0167541504,418.9590621948299,,0,0
2022-03-01,406.726348877,418.01644439698003,,0,0
2022-03-02,414.2086486816,417.3041671753,,0,0
2022-03-03,412.1465148926,416.28068237305496,,0,0
2022-03-04,408.798034668,415.59820098878,,0,0
2022-03-07,396.7470092773,414.21385040283997,,0,0
2022-03-08,393.7389526367,412.74720306397,,0,0
2022-03-09,404.2953491211,411.63432769776,,0,0
2022-03-10,402.4697570801,410.11801757813,,0,0
2022-03-11,397.3523864746,408.734608459475,,0,0
2022-03-14,394.4483642578,407.62504272461,,0,0
2022-03-15,403.1225280762,407.017294311525,,0,0
2022-03-16,412.0614013672,406.521632385255,,0,0
2022-03-17,417.2167053223,406.260084533695,,0,0
2022-03-18,421.786315918,406.678224182135,418.319629516602,0,0
2022-03-21,421.6630249023,407.22404327393,417.900220336914,0,0
2022-03-22,426.5970458984,408.236964416505,417.614489135742,0,0
2022-03-23,421.1032104492,409.335592651365,417.22985534668004,0,0
2022-03-24,427.4510192871,410.45128173828,416.891961669922,0,0
2022-03-25,429.5385131836,411.22439422607505,416.57179443359405,0,0
2022-03-28,432.5938415527,412.20324859618995,416.435513305664,0,0
2022-03-29,437.9454040527,413.764201354975,416.402667846678,0,0
2022-03-30,435.2411499023,414.81582641601,416.471436767576,0,0
2022-03-31,428.5422668457,415.63561401366496,416.49590087890397,0,0
2022-04-01,429.7568359375,416.68355407714,416.639247436522,1,0
2022-04-04,433.438293457,418.518118286125,417.02213745117,1,1
2022-04-05,427.963470459,420.22934417724,417.26034240722606,1,1
2022-04-06,423.6840820312,421.198780822745,417.51455200195204,1,1
2022-04-07,425.8190307617,422.366244506825,417.83208129882604,1,1
2022-04-08,424.6803588867,423.7326431274299,418.16732299804397,1,1
2022-04-11,417.4216003418,424.88130493163,418.15477416991996,1,1
2022-04-12,415.875,425.51892852782004,417.96070007324,1,1
2022-04-13,420.6382446289,425.947770690905,417.804381103514,1,1
2022-04-14,415.400604248,425.85696563718994,417.46006896972403,1,1
2022-04-18,415.5713195801,425.54621582029506,417.322542114256,1,1
2022-04-19,422.2797546387,425.57705230711497,417.2794567871081,1,1
2022-04-20,421.9666442871,425.34553222654995,417.257351684568,1,1
2022-04-21,415.6567382812,425.07320861815,417.039429321286,1,1
2022-04-22,404.2514648438,423.913230895985,416.468539428708,1,1
2022-04-25,406.5950927734,422.766059875475,416.10002990722205,1,1
2022-04-26,394.8198242188,420.87735900878,415.663632812496,1,1
2022-04-27,395.9299926758,418.77658843993504,415.27668273925406,1,1
2022-04-28,405.9309387207,417.311077880855,414.95580871581603,1,1
2022-04-29,390.9295043945,415.43043975829505,414.32544555663594,1,1
2022-05-02,393.2826843262,413.60673217773,413.922628784176,0,1
2022-05-03,395.0855102539,411.68909301757503,413.609406127926,0,0
2022-05-04,407.1170043945,410.64676971435,413.62497375487794,0,0
2022-05-05,392.6469421387,409.094912719725,413.49529968261197,0,0
2022-05-06,390.3032226562,407.31912231445,413.1986193847599,0,0
2022-05-09,377.806854248,404.97544708251496,412.4732312011661,0,0
2022-05-10,378.6797790527,403.03835601806,411.786491699212,0,0
2022-05-11,372.6639709473,400.877804565425,411.105244140618,0,0
2022-05-12,372.2749328613,398.45963897704496,410.26656982421196,0,0
2022-05-13,381.1752929688,396.748373413085,409.647145385736,0,0
2022-05-16,379.6286315918,394.95123901367003,409.06375732421196,0,0
2022-05-17,387.4377441406,393.209138488765,408.87757202147804,0,0
2022-05-18,371.8194885254,390.70178070068,408.439182739252,0,0
2022-05-19,369.5422668457,388.396057128905,407.74412109374396,0,0
2022-05-20,369.7035217285,386.66865997314,407.088796386712,0,0
2022-05-23,376.6207275391,385.169941711425,406.67416320800197,0,0
2022-05-24,373.7456665039,384.11623382568,406.260109252924,0,0
2022-05-25,377.0476989746,383.17211914062,405.73861267089194,0,0
2022-05-26,384.5816650391,382.10465545653994,405.18901794433,0,0
2022-05-27,394.022857666,382.259323120115,404.725140991204,0,0
2022-05-31,391.811920166,382.185784912105,404.12565307616404,0,0
2022-06-01,388.6427307129,381.863645935055,403.46524719237595,0,0
2022-06-02,396.0438537598,381.30998840332,402.854183349604,0,0
2022-06-03,389.5441589355,381.15484924315996,402.22300231932996,0,0
2022-06-06,390.7302246094,381.17619934082,401.488586425776,0,0
2022-06-07,394.4782104492,382.00976715088,400.787380371088,0,0
2022-06-08,390.1893920898,382.585247802735,399.93929138183006,0,0
2022-06-09,380.9096069336,382.99752960205,398.798575439448,0,0
2022-06-10,369.8648376465,382.87702484131,397.491049194332,0,0
2022-06-13,355.8217163086,381.6093460083,396.03663818358996,0,0
2022-06-14,354.7494812012,380.36538848877,394.536491088864,0,0
2022-06-15,359.8069152832,378.9838470459,393.063863525388,0,0
2022-06-16,347.8987731934,377.78781127929994,391.4625695800759,0,0
2022-06-17,348.6487121582,376.743133544925,389.96186218261596,0,0
2022-06-21,357.425567627,376.12923583985,388.59399291992196,0,0
2022-06-22,356.7774353027,375.13707122803004,387.23593444824195,0,0
2022-06-23,360.2749023438,374.463533020025,386.09300048828203,0,0
2022-06-24,371.7294006348,374.197618103035,385.21008850097803,0,0
2022-06-27,370.3095092773,373.484010314945,384.20351379394594,0,0
2022-06-28,362.742980957,371.920016479495,383.150361328126,0,0
2022-06-29,362.4475708008,370.45179901123504,382.08788635254,0,0
2022-06-30,359.5030212402,368.9948135376,380.83235168457,0,0
2022-07-01,363.3052368164,367.35788269043,379.65912353515597,0,0
2022-07-05,363.9913635254,366.08024291992496,378.62581604004004,0,0
2022-07-06,365.220703125,364.804766845705,377.845200805664,0,0
2022-07-07,370.6906738281,,,0,0
2022-07-08,370.3857421875,,,0,0
2022-07-11,366.1546020508,,,0,0
2022-07-12,362.9145507812,,,0,0
2022-07-13,361.008605957,,,0,0
2022-07-14,360.1319274902,,,0,0
2022-07-15,367.0122375488,,,0,0
2022-07-18,363.981842041,,,0,0
2022-07-19,373.8163146973,366.13171997068997,,0,0
2022-07-20,376.1987609863,367.22952575681995,,0,0
2022-07-21,380.0296325684,368.16342163085,,0,0
2022-07-22,376.503692627,368.7752166748,,0,0
2022-07-25,376.9611816406,369.85587463378,,0,0
2022-07-26,372.5013122559,370.81455078125,,0,0
2022-07-27,382.1737976074,372.93106994629,,0,0
2022-07-28,386.9671630859,375.61459350586,,0,0
2022-07-29,392.6086730957,378.17423706055,,0,0
2022-08-01,391.4460449219,380.92065734864,,0,0
2022-08-02,388.8635864258,382.42538452149,,0,0
2022-08-03,394.952911377,384.30079956056,,0,0
2022-08-04,394.6860961914,385.76644592286,,0,0
2022-08-05,394.0190429688,387.51798095704,,0,0
2022-08-08,393.5616455078,389.17802734376,,0,0
2022-08-09,391.998840332,391.12778015137,,0,0
2022-08-10,400.2322998047,392.93363037110004,,0,0
2022-08-11,400.2322998047,394.26014404297996,,0,0
2022-08-12,407.0078430176,395.70006103517,,0,0
2022-08-15,408.6850585938,397.42396240235996,,0,0
2022-08-16,409.485534668,399.48615722658,,0,0
2022-08-17,406.5790405273,400.64877014161004,,0,0
2022-08-18,407.7607116699,401.95623168946,,0,0
2022-08-19,402.2812194824,402.78244934082005,,0,0
2022-08-22,393.9046936035,402.81675415039,,0,0
2022-08-23,392.9517211914,402.91204223632997,,0,0
2022-08-24,394.2096557617,402.30977783202997,,0,0
2022-08-25,399.7749328613,402.26404113769,,0,0
2022-08-26,386.2429199219,400.18754882812,,0,0
2022-08-29,383.6890258789,397.68794555663,,0,0
2022-08-30,379.4768676758,394.68707885741003,,0,0
2022-08-31,376.5894165039,391.68811645507,,0,0
2022-09-01,377.7711486816,388.68916015624,,0,0
2022-09-02,373.7878112793,385.83981933593,,0,0
2022-09-06,372.3774108887,383.68709106445,,0,0
2022-09-07,379.0671386719,382.2986328125,,0,0
2022-09-08,381.5448608398,381.03215332031,,0,0
2022-09-09,387.4722290039,379.80188293457,,0,0
2022-09-12,391.6366271973,380.34125366211003,,0,0
2022-09-13,374.6072998047,379.43308105469004,,0,0
2022-09-14,376.0367736816,379.08907165527,,0,0
2022-09-15,371.7674865723,378.60687866211003,,0,0
2022-09-16,368.9313659668,377.72290039063,,0,0
2022-09-19,371.7923278809,377.52335205079004,,0,0
2022-09-20,367.5247192383,377.03808288575,,0,0
2022-09-21,361.1137390137,375.24274291993004,,0,0
2022-09-22,358.0804138184,372.89629821779,,0,0
2022-09-23,352.0809020996,369.35716552736005,,0,0
2022-09-26,348.5977783203,365.05328063966,,0,0
2022-09-27,347.7079467773,362.36334533691996,,0,0
2022-09-28,354.5495910645,360.21462707521,,0,0
2022-09-29,347.1434020996,357.75221862794,,0,0
2022-09-30,341.7753295898,355.03661499023997,,0,0
2022-10-03,350.7986755371,352.93724975586,,0,0
2022-10-04,361.6687316895,352.35165100098004,,0,0
2022-10-05,360.8266601562,352.32294311523003,,0,0
2022-10-06,357.1044006348,352.22534179687,,0,0
2022-10-07,347.1434020996,351.73159179687,,0,0
2022-10-10,344.4927978516,351.32109375,,0,0
2022-10-11,342.3112182617,350.78142089844,,0,0
2022-10-12,341.1820678711,349.44466857910004,,0,0
2022-10-13,350.1862182617,349.74895019531,,0,0
2022-10-14,342.2059631348,349.79201354981,,0,0
2022-10-17,350.9995727539,349.81210327149,,0,0
2022-10-18,355.1236572266,349.1575958252,,0,0
2022-10-19,352.6071166992,348.3356414795,,0,0
2022-10-20,349.6504211426,347.59024353027996,,0,0
2022-10-21,358.1474304199,348.69064636231,,0,0
2022-10-24,362.529876709,350.49435424805,,0,0
2022-10-25,368.318939209,353.09512634277996,,0,0
2022-10-26,365.5440368652,355.53132324219,,0,0
2022-10-27,363.5920410156,356.87190551758,,0,0
2022-10-28,372.2420654297,359.87551574707,,0,0
2022-10-31,369.553314209,361.73088989257997,,0,0
2022-11-01,367.9361572266,363.01213989257997,,0,0
2022-11-02,358.7023620605,363.62166442871,,0,0
2022-11-03,355.0088195801,364.15750427245996,,0,0
2022-11-04,360.1185302734,364.35461425781,,0,0
2022-11-07,363.5632629395,364.45795288086003,,0,0
2022-11-08,365.5248413086,364.17854309082,,0,0
2022-11-09,357.9942932129,363.42356872559,,0,0
2022-11-10,377.6676025391,364.83112487794,,0,0
2022-11-11,381.3228149414,365.73919982911,,0,0
2022-11-14,378.0790100098,366.59176940919,,0,0
2022-11-15,381.3036499023,367.92851867676,,0,0
2022-11-16,378.3948059082,369.89776306153,,0,0
2022-11-17,377.2369995117,372.12058105469,,0,0
2022-11-18,378.9497680664,374.00370483399,,0,0
2022-11-21,377.5718688965,375.40456542969,,0,0
2022-11-22,382.6528625488,377.11736755371,,0,0
2022-11-23,385.064239502,379.82436218262,373.025796203615,1,0
2022-11-25,384.9780273438,380.55540466309,373.22336944580303,1,1
2022-11-28,378.8349304199,380.30661621094,373.3048120117209,1,1
2022-11-29,378.1842651367,380.31714172363,373.382797241213,1,1
2022-11-30,390.0972900391,381.19650573731,373.622224121096,1,1
2022-12-01,389.8103027344,382.33805541993,373.8911816406281,1,1
2022-12-02,389.360534668,383.55040893556003,374.174700927738,1,1
2022-12-05,382.3562011719,383.89105224611,374.396943664555,1,1
2022-12-06,376.8446960449,383.81833496095,374.495268249516,1,1
2022-12-07,376.2034912109,383.17339782716,374.61748474121504,1,1
2022-12-08,379.1506958008,382.58204345704,374.67082855225004,1,1
2022-12-09,376.3184204102,381.71608276368,374.67202514648903,1,1
2022-12-12,381.7438659668,382.00697631837,374.689167480473,1,1
2022-12-13,384.6335449219,382.65190429689,374.77046600342203,1,1
2022-12-14,382.174407959,381.85961608888,374.822598266606,1,1
2022-12-15,372.8258056641,380.16116638185,374.82584320068804,1,1
2022-12-16,368.4241333008,378.06752624513,374.68834655762197,1,1
2022-12-19,365.3000488281,376.36191101075,374.471675415044,1,1
2022-12-20,365.7999572754,375.25743713379995,374.20358825684093,1,1
2022-12-21,371.2695007324,374.76403808595,374.00182281494597,1,1
2022-12-22,365.9729614258,373.44626464845,373.772916564946,0,1
2022-12-23,368.0780944824,372.62223205567,373.504168396,0,0
2022-12-27,366.6265869141,371.1105041504,373.223573303227,0,0
2022-12-28,362.0701599121,368.85416564942,372.90408447266003,0,0
2022-12-29,368.5875244141,367.49547729493,372.65434326172306,0,0
2022-12-30,367.6166381836,366.97456054688,372.410521240239,0,0
2023-01-03,366.0690612793,366.73905334473,372.068888854985,0,0
2023-01-04,368.8952331543,367.09857177735,371.755518188481,0,0
2023-01-05,364.6848449707,366.98706054688,371.33228820801196,0,0
2023-01-06,373.0478820801,367.16489868165,370.975916442875,0,0
2023-01-09,372.8363647461,,,0,0
2023-01-10,375.4509887695,,,0,0
2023-01-11,380.1996154785,,,0,0
2023-01-12,381.5838928223,,,0,0
2023-01-13,383.0642089844,,,0,0
2023-01-17,382.3625183105,,,0,0
2023-01-18,376.3257751465,,,0,0
2023-01-19,373.5861206055,,,0,0
2023-01-20,380.5456848145,377.90030517579,,0,0
2023-01-23,385.1117248535,379.10668945313,,0,0
2023-01-24,384.6983642578,380.2928894043,,0,0
2023-01-25,384.842590332,381.23204956055,,0,0
2023-01-26,389.0721130371,382.11929931641,,0,0
2023-01-27,389.9660949707,382.95751953125,,0,0
2023-01-30,385.0733032227,383.15842895508,,0,0
2023-01-31,390.7351074219,383.99568786622,,0,0
2023-02-01,394.8878173828,385.85189208984997,,0,0
2023-02-02,400.6361694336,388.55689697266,,0,0
2023-02-03,396.3777770996,390.14010620117,,0,0
2023-02-06,393.9553833008,391.0244720459,,0,0
2023-02-07,399.1077575684,392.46541137696,,0,0
2023-02-08,394.7436218262,393.45551452638,,0,0
2023-02-09,391.321472168,393.68045043947006,,0,0
2023-02-10,392.2347106934,393.90731201174003,,0,0
2023-02-13,396.8391418457,395.08389587403997,,0,0
2023-02-14,396.6565551758,395.67604064943,,0,0
2023-02-15,397.9446716309,395.98172607424004,,0,0
2023-02-16,392.4653930664,395.16464843752,,0,0
2023-02-17,391.4849853516,394.67536926272,,0,0
2023-02-21,383.6313781738,393.64296875002003,,0,0
2023-02-22,383.1026611328,392.04245910646,,0,0
2023-02-23,385.1405944824,391.08215637208,,0,0
2023-02-24,381.0262756348,390.05263671876,,0,0
2023-02-27,382.3240356445,389.06156921387003,,0,0
2023-02-28,380.9110717773,387.46876220702995,,0,0
2023-03-01,379.4499511719,385.74810180663997,,0,0
2023-03-02,382.4010314941,384.19373779295995,,0,0
2023-03-03,388.5338439941,383.80058288573,,0,0
2023-03-06,388.8030090332,383.53238525389,,0,0
2023-03-07,382.843170166,383.45356445311,,0,0
2023-03-08,383.4678955078,383.49008789060997,,0,0
2023-03-09,376.3930358887,382.61533203124,,0,0
2023-03-10,370.9619140625,381.60889587401,,0,0
2023-03-13,370.4331665039,380.41980895995,,0,0
2023-03-14,376.5564880371,379.98435058593003,,0,0
2023-03-15,374.201385498,379.45949401853994,,0,0
2023-03-16,380.7667541504,379.29606628417,,0,0
2023-03-17,376.3146057129,378.07414245605,,0,0
2023-03-20,379.9331359863,377.18715515136,,0,0
2023-03-21,384.9217834473,377.39501647949,,0,0
2023-03-22,378.3603210449,376.8842590332,,0,0
2023-03-23,379.3830566406,377.18326110838996,,0,0
2023-03-24,381.8727111816,378.2743408203,,0,0
2023-03-27,382.5866394043,379.48968811034,,0,0
2023-03-28,381.7279052734,380.00682983396996,,0,0
2023-03-29,387.2762451172,381.31431579589,,0,0
2023-03-30,389.5439147949,382.19203186034,,0,0
2023-03-31,395.0343322754,384.06400451659,,0,0
2023-04-03,396.539642334,385.72465515136,,0,0
2023-04-04,394.339630127,386.66643981933004,,0,0
2023-04-05,393.3071289062,388.16112060546004,,0,0
2023-04-06,394.8413391113,389.70694885253,,0,0
2023-04-10,395.2466125488,391.04433898925,,0,0
2023-04-11,395.3528137207,392.32095642088996,,0,0
2023-04-12,393.7413330078,393.52229919433,,0,0
2023-04-13,398.9712524414,394.69179992675,,0,0
2023-04-14,397.996673584,395.53707580566,,0,0
2023-04-17,399.4247741699,395.97611999511,,0,0
2023-04-18,399.6852722168,396.29068298338996,,0,0
2023-04-19,399.617767334,396.81849670408997,,0,0
2023-04-20,397.4370727539,397.23149108886,,0,0
2023-04-21,397.7458190918,397.52193908691,,0,0
2023-04-24,398.160736084,397.81335144043,,0,0
2023-04-25,391.840423584,397.46211242676,,0,0
2023-04-26,390.1806945801,397.10604858398995,,0,0
2023-04-27,397.948425293,397.00376586915,,0,0
2023-04-28,401.3450317383,397.33860168458,,0,0
2023-05-01,400.9397277832,397.49009704591,,0,0
2023-05-02,396.4335021973,397.16492004396,,0,0
2023-05-03,393.7123718262,396.57438049318,,0,0
2023-05-04,390.9237060547,395.92304382326,,0,0
2023-05-05,398.160736084,395.96453552248005,,0,0
2023-05-08,398.2668762207,395.97514953615,,0,0
2023-05-09,396.5203552246,396.44314270021,,0,0
2023-05-10,398.3729858398,397.26237182618,,0,0
2023-05-11,397.6782836914,397.23535766602,,0,0
2023-05-12,397.1571960449,396.81657409668003,,0,0
2023-05-15,398.5274047852,396.57534179688,,0,0
2023-05-16,395.8641357422,396.51840515137,,0,0
2023-05-17,400.6696166992,397.21412963867,,0,0
2023-05-18,404.529296875,398.5746887207,,0,0
2023-05-19,403.9407043457,399.15268554687,,0,0
2023-05-22,404.1047058105,399.73646850585,,0,0
2023-05-23,399.569519043,400.04138488769,,0,0
2023-05-24,396.6747436523,399.87156066894,,0,0
2023-05-25,400.1098937988,400.11472167968,,0,0
2023-05-26,405.2915649414,400.92815856933004,,0,0
2023-05-30,405.4459838867,401.62001647948,,0,0
2023-05-31,403.1976928711,402.35337219237,390.148735656738,1,0
2023-06-01,407.0284729004,402.98925781249,390.488541564941,1,1
2023-06-02,412.9146118164,403.82778930663,390.889324035644,1,1
2023-06-05,412.1233520508,404.64605407714,391.256047668457,1,1
2023-06-06,413.0207519531,405.5376586914,391.58425903320307,1,1
2023-06-07,411.592590332,406.73996582030003,391.8843460083,1,1
2023-06-08,414.0821838379,408.48070983886,392.194525756835,1,1
2023-06-09,414.8251037598,409.95223083496,392.51915161132797,1,1
2023-06-12,418.5883789062,411.28191223143995,392.94177764892504,1,1
2023-06-13,421.3480834961,412.87212219238,393.41939727783097,1,1
2023-06-14,421.8498535156,414.73733825683,393.832438964842,1,1
2023-06-15,427.0798034668,416.74247131347,394.25211975097494,1,1
2023-06-16,425.6250610352,418.01351623535004,394.661386718749,1,1
2023-06-20,423.4168701172,419.14286804199,395.047129516601,1,1
2023-06-21,421.2474060059,419.96553344727,395.368882446289,1,1
2023-06-22,422.7679748535,421.08307189941996,395.69690124511703,1,1
2023-06-23,419.5718078613,421.63203430176,396.04188629150303,1,1
2023-06-26,417.8575744629,421.93528137206994,396.31311096191297,1,1
2023-06-27,422.438659668,422.32030944825,396.58861938476497,1,1
2023-06-28,422.651763916,422.45067749024,396.80877532958897,1,1
2023-06-29,424.3176269531,422.69745483399004,397.08817382812407,1,1
2023-06-30,429.3248291016,422.92195739747,397.44186828613203,1,1
2023-07-03,429.8187866211,423.34132995605995,397.748978576659,1,1
2023-07-05,429.1795654297,423.91759948731,398.093338012694,1,1
2023-07-06,425.8188171387,424.3747406005899,398.438311462401,1,1
2023-07-07,424.7436523438,,,0,0
2023-07-10,425.8188171387,,,0,0
2023-07-11,428.530670166,,,0,0
2023-07-12,431.9785766602,,,0,0
2023-07-13,435.4071044922,,,0,0
2023-07-14,435.135925293,,,0,0
2023-07-17,436.6468200684,,,0,0
2023-07-18,439.8913879395,,,0,0
2023-07-19,440.8695373535,432.4841308594,,0,0
2023-07-20,437.9446105957,433.69671020510003,,0,0
2023-07-21,437.9446105957,435.01680603029,,0,0
2023-07-24,439.9010620117,436.42503051758996,,0,0
2023-07-25,441.1020507812,437.68216857911,,0,0
2023-07-26,441.1698303223,438.60129394532,,0,0
2023-07-27,438.2448425293,438.88506774903,,0,0
2023-07-28,442.5354003906,439.62501525879,,0,0
2023-07-31,443.3780517578,440.29813842773,,0,0
2023-08-01,442.1092834473,440.51992797851,,0,0
2023-08-02,435.959197998,440.02889404296,,0,0
2023-08-03,434.7097473145,439.70540771484,,0,0
2023-08-04,432.7437133789,439.18531799315997,,0,0
2023-08-07,436.5209350586,438.84730529785,,0,0
2023-08-08,434.6225891113,438.19935913086,,0,0
2023-08-09,431.7170410156,437.25408020018995,,0,0
2023-08-10,431.8720397949,436.61679992675,,0,0
2023-08-11,431.6202087402,435.52528076171,,0,0
2023-08-14,434.002746582,434.58775024413,,0,0
2023-08-15,428.9471435547,433.27153625487,,0,0
2023-08-16,425.7994689941,432.25556335448,,0,0
2023-08-17,422.5549316406,431.04008178709,,0,0
2023-08-18,422.7583007812,430.04154052732,,0,0
2023-08-21,425.5088500977,428.94033203123,,0,0
2023-08-22,424.3562927246,427.9137023925599,,0,0
2023-08-23,429.0826721191,427.65026550291,,0,0
2023-08-24,423.1360168457,426.77666320799,,0,0
2023-08-25,426.1189880371,426.22654113768004,,0,0
2023-08-28,428.8212280273,425.70838928221,,0,0
2023-08-29,435.019744873,426.31564941403997,,0,0
2023-08-30,436.8115234375,427.41685485837996,,0,0
2023-08-31,436.1722412109,428.77858581541005,,0,0
2023-09-01,436.9857788086,430.20133361815004,,0,0
2023-09-05,435.0971374512,431.16016235349997,,0,0
2023-09-06,432.1722717285,431.94176025389,,0,0
2023-09-07,430.8454284668,432.11803588865996,,0,0
2023-09-08,431.4942932129,432.95386352538,,0,0
2023-09-11,434.3320922852,433.77517395019004,,0,0
2023-09-12,431.9495239258,434.08800354003995,,0,0
2023-09-13,432.4531555176,433.83134460450003,,0,0
2023-09-14,436.1818847656,433.76838073730994,,0,0
2023-09-15,430.9266357422,433.24382019044003,,0,0
2023-09-18,431.1793823242,432.663180542,,0,0
2023-09-19,430.28515625,432.18198242188,,0,0
2023-09-20,426.3294372559,431.59769897462,,0,0
2023-09-21,419.2828674316,430.44144287110004,,0,0
2023-09-22,418.3401489258,429.12602844239,,0,0
2023-09-25,420.0993041992,427.70274963378995,,0,0
2023-09-26,413.9275512695,425.90055236816,,0,0
2023-09-27,414.0927734375,424.06451416015,,0,0
2023-09-28,416.4934387207,422.09566955566,,0,0
2023-09-29,415.4826660156,420.551272583,,0,0
2023-10-02,415.3174438477,418.96507873535,,0,0
2023-10-03,409.7579650879,416.91235961914,,0,0
2023-10-04,412.7417907715,415.55359497070003,,0,0
2023-10-05,412.5862426758,414.88393249512,,0,0
2023-10-06,417.4848327637,414.79840087891,,0,0
2023-10-09,420.157623291,414.80423278809,,0,0
2023-10-10,422.3445129395,415.64592895509,,0,0
2023-10-11,424.0745544434,416.64410705567997,,0,0
2023-10-12,421.4891662598,417.14367980959,,0,0
2023-10-13,419.3898010254,417.53439331056995,,0,0
2023-10-16,423.8023986816,418.38288879396003,,0,0
2023-10-17,423.7829589844,419.78538818361005,,0,0
2023-10-18,418.1360473633,420.32481384279,,0,0
2023-10-19,414.462097168,420.51239929201,428.68673380534,0,0
2023-10-20,409.369140625,419.70083007814003,428.4674047851573,0,0
2023-10-23,408.6596374512,418.55103149416,428.252951253256,0,0
2023-10-24,411.7406616211,417.49064636232004,428.06524251302136,0,0
2023-10-25,405.8312683105,415.66631774903,427.76258382161467,0,0
2023-10-26,400.9716186523,413.61456298828,427.3491577148427,0,0
2023-10-27,399.1541137695,411.59099426269006,426.8657845052067,0,0
2023-10-30,403.926361084,409.60339050293,426.44965698242,0,0
2023-10-31,406.463104248,407.87140502929,426.047207438148,0,0
2023-11-01,410.7979125977,407.13759155273,425.6592944335907,0,0
2023-11-02,418.6706237793,407.55844421386,425.363308919268,0,0
2023-11-03,422.4902954102,408.87055969237997,425.1572513834613,0,0
2023-11-06,423.4622192383,410.35081787108993,424.9641528320293,0,0
2023-11-07,424.6673583984,411.64348754882,424.761036783852,0,0
2023-11-08,424.9784545898,413.55820617675,424.5460555013,0,0
2023-11-09,421.6641540527,415.62745971679,424.2859798177053,0,0
2023-11-10,428.2441101074,418.53645935058,424.1526367187467,0,0
2023-11-13,427.8359375,420.92741699218004,423.9566438802053,0,0
2023-11-14,436.1362304688,423.89472961426,423.8600862630187,1,0
2023-11-15,437.0595703125,426.52089538574,423.7927567545546,1,1
2023-11-16,437.5942077637,428.41325378418003,423.814556884764,1,1
2023-11-17,438.1384277344,429.9780670166,423.86027262369595,1,1
2023-11-20,441.5110778809,431.78295288086,423.977170817056,1,1
2023-11-21,440.5487976074,433.37109680176,424.03087565104,1,1
2023-11-22,442.2496643066,435.09821777344007,424.13256998697733,1,1
2023-11-24,442.5217895508,437.18398132325,424.27663330077996,1,1
2023-11-27,441.7248535156,438.53205566406996,424.40800415038933,1,1
2023-11-28,442.1622619629,439.96468811036004,424.5485648600253,1,1
2023-11-29,441.8512268066,440.53618774413997,424.65321126302,1,1
2023-11-30,443.5909423828,441.18932495116997,424.8484619140613,1,1
2023-12-01,446.2151794434,442.05142211914,425.12067138671864,1,1
2023-12-04,443.8728027344,442.62485961914,425.4049096679693,1,1
2023-12-05,443.7853393555,442.8522857666,425.6852701822933,1,1
2023-12-06,441.9970397949,442.99710998535,425.9051127115893,1,1
2023-12-07,445.3696289062,443.30910644531,426.18529052734397,1,1
2023-12-08,447.2843322754,443.78536071777,426.427979329428,1,1
2023-12-11,449.0240783691,444.51528320312,426.7731534830734,1,1
2023-12-12,451.0748901367,445.4065460205,427.10589884440134,1,1
2023-12-13,457.2952575684,446.95094909667995,427.48555257161604,1,1
2023-12-14,458.7629089355,448.46814575195003,427.8021280924494,1,1
2023-12-15,458.0075683594,449.64738464354997,428.0847420247414,1,1
2023-12-18,460.5838623047,451.31849060057993,428.410230305992,1,1
2023-12-19,463.3846130371,453.27841796874,428.76221476237197,1,1
2023-12-20,456.9633789062,454.77505187987,429.0537646484387,1,1
2023-12-21,461.2962646484,456.36771545409,429.4420845540373,1,1
2023-12-22,462.2233276367,457.86161499022,429.86045654296936,1,1
2023-12-26,464.1750793457,459.37671508788,430.2962003580733,1,1
2023-12-27,465.0143432617,460.77066040038,430.70529703776,1,1
2023-12-28,465.1899414062,461.56012878415993,431.1485026041653,1,1
2023-12-29,463.8432922363,462.06816711424,431.5670377604147,1,1
2024-01-02,461.247467041,462.39215698239997,431.9012455240867,1,1
2024-01-03,457.4805603027,462.0818267822,432.25529785156,1,1
2024-01-04,456.0069885254,461.34406433103004,432.5863326009094,1,1
2024-01-05,456.6315917969,461.3108856201,432.93761840820133,1,1
2024-01-08,463.1504211426,,,0,0
2024-01-09,462.4477233887,,,0,0
2024-01-10,465.0631103516,,,0,0
2024-01-11,464.858215332,,,0,0
2024-01-12,465.1801757812,,,0,0
2024-01-16,463.4724731445,,,0,0
2024-01-17,460.8961486816,,,0,0
2024-01-18,464.9948120117,,,0,0
2024-01-19,470.7914733887,,,0,0
2024-01-22,471.7869262695,465.26414794921004,,0,0
2024-01-23,473.1629333496,466.26539916991,,0,0
2024-01-24,473.6801147461,467.38863830565,,0,0
2024-01-25,476.2564086914,468.50796813962995,,0,0
2024-01-26,475.6513977051,469.58728637694,,0,0
2024-01-29,479.4182434082,471.01109313963997,,0,0
2024-01-30,479.047454834,472.56859130859004,,0,0
2024-01-31,471.2306518555,473.60204162598,,0,0
2024-02-01,477.3981933594,474.84237976075,,0,0
2024-02-02,482.4239501953,476.00562744140996,,0,0
2024-02-05,480.6674194336,476.89367675781995,,0,0
2024-02-06,482.0629272461,477.78367614747003,,0,0
2024-02-07,486.0835266113,479.02401733399,,0,0
2024-02-08,486.2981872559,480.02819519044004,,0,0
2024-02-09,489.1087341309,481.3739288330201,,0,0
2024-02-12,488.8940124512,482.32150573731997,,0,0
2024-02-13,482.1604614258,482.63280639650003,,0,0
2024-02-14,486.542175293,484.16395874025,,0,0
2024-02-15,489.8991394043,485.41405334474,,0,0
2024-02-16,487.4595031738,485.91760864259004,,0,0
2024-02-20,484.7758483887,486.3284515381,,0,0
2024-02-21,485.2149353027,486.64365234376,,0,0
2024-02-22,495.2567138672,487.56097106935005,,0,0
2024-02-23,495.5982666016,488.49097900391996,,0,0
2024-02-26,493.7831726074,488.95842285156994,,0,0
2024-02-27,494.7004699707,489.5390686035201,,0,0
2024-02-28,494.046661377,490.72768859864,,0,0
2024-02-29,495.8227233887,491.65574340820996,,0,0
2024-03-01,500.4776000977,492.71358947755,,0,0
2024-03-04,499.9409179688,493.96173095705,,0,0
2024-03-05,494.9444580078,494.97859191896003,,0,0
2024-03-06,497.4524230957,496.20234069826,,0,0
2024-03-07,502.3903198242,496.91570129395996,,0,0
2024-03-08,499.3749084473,497.29336547853,,0,0
2024-03-11,498.9454956055,497.80959777834005,,0,0
2024-03-12,504.3128662109,498.7708374023599,,0,0
2024-03-13,503.522277832,499.71839904786003,,0,0
2024-03-14,502.5269470215,500.38882141114,,0,0
2024-03-15,499.0763244629,500.2486938476601,,0,0
2024-03-18,502.0424194336,500.45884399414,,0,0
2024-03-19,504.8323974609,501.4476379394499,,0,0
2024-03-20,509.5016174316,502.65255737303994,,0,0
2024-03-21,511.1854553223,503.53207092285004,,0,0
2024-03-22,510.2163696289,504.61621704101,,0,0
2024-03-25,508.8067016602,505.60233764648,,0,0
2024-03-26,507.8669128418,505.95774230957005,,0,0
2024-03-27,512.1350097656,506.81901550293003,,0,0
2024-03-28,512.0371704102,507.77003784180005,,0,0
2024-04-01,511.146270752,508.97703247070996,,0,0
2024-04-02,507.8963317871,509.56242370606003,,0,0
2024-04-03,508.4542541504,509.92460937501,,0,0
2024-04-04,502.2479858398,509.19924621583004,,0,0
2024-04-05,507.4949035645,508.83019104005007,,0,0
2024-04-08,507.7788085938,508.58643493654006,,0,0
2024-04-09,508.3662109375,508.54238586427,,0,0
2024-04-10,503.2758178711,508.0832763672,,0,0
2024-04-11,507.0740356445,507.57717895509006,,0,0
2024-04-12,500.0748291016,506.3809448242299,,0,0
2024-04-15,493.8098449707,504.6473022461,,0,0
2024-04-16,492.9092102051,503.1485900879,,0,0
2024-04-17,489.9920654297,501.30237121583,,0,0
2024-04-18,488.983795166,499.97595214845006,,0,0
2024-04-19,484.7157592773,497.69803771972994,,0,0
2024-04-22,489.1795959473,495.83811645507996,,0,0
2024-04-23,494.9845275879,494.49994812012,,0,0
2024-04-24,494.7496337891,493.64732971191995,,0,0
2024-04-25,492.8700561523,492.2269317627,,0,0
2024-04-26,497.5394592285,491.9733947753901,,0,0
2024-04-29,499.3014831543,492.52255859375,,0,0
2024-04-30,491.3919067383,492.37082824707005,,0,0
2024-05-01,489.796295166,492.35125122069996,,0,0
2024-05-02,494.3775939941,492.89063110351,,0,0
2024-05-03,500.5055847168,494.46961364746005,,0,0
2024-05-06,505.6741638184,496.11907043457006,,0,0
2024-05-07,506.2321166992,497.24382934569996,,0,0
2024-05-08,506.2810974121,498.396975708,,0,0
2024-05-09,509.1981811523,500.029788208,,0,0
2024-05-10,509.8541564941,501.26125793456004,,0,0
2024-05-13,509.922668457,502.32337646483,,0,0
2024-05-14,512.2622070312,504.41040649411997,,0,0
2024-05-15,518.6056518555,507.29134216307,,0,0
2024-05-16,517.5385742188,509.60744018554,,0,0
2024-05-17,518.2825317383,511.38513488769,,0,0
2024-05-20,518.8796386719,512.70568237304,,0,0
2024-05-21,520.1522827148,514.0976989746,,0,0
2024-05-22,518.6544799805,515.3350372314401,,0,0
2024-05-23,514.8661499023,515.90183410644,,0,0
2024-05-24,518.2727050781,516.74368896484,,0,0
2024-05-28,518.6348876953,517.61491088867,,0,0
2024-05-29,515.0032348633,517.88901367188,,0,0
2024-05-30,511.5867614746,517.18712463379,495.296920471194,1,0
2024-05-31,516.2463378906,517.05790100097,495.827879638674,1,1
2024-06-03,516.6673583984,516.89638366698,496.37007598877096,1,1
2024-06-04,517.2448120117,516.73290100096,496.891893005372,1,1
2024-06-05,523.3923950195,517.05691223143,497.477234802247,1,1
2024-06-06,523.3825683594,517.52972106932,498.059258728029,1,1
2024-06-07,522.7463989258,518.3177459716701,498.65199798584194,1,1
2024-06-10,524.3613891602,518.92661437988,499.286650390628,1,1
2024-06-11,525.6243286133,519.62555847168,499.89294555664407,1,1
2024-06-12,529.9412841797,521.11936340332,500.4844436645541,1,1
2024-06-13,531.0083618164,523.0615234375,501.07665802002305,1,1
2024-06-14,531.3314819336,524.5700378418,501.658343505863,1,1
2024-06-17,535.5601196289,526.4593139648499,502.277143554691,1,1
2024-06-18,536.9208984375,528.42692260743,502.883788452152,1,1
2024-06-20,535.4622802734,529.63391113282,503.481897277835,1,1
2024-06-21,534.7444458008,530.77009887696,504.03515930176104,1,1
2024-06-24,533.0062255859,531.79608154297,504.57474700928003,1,1
2024-06-25,535.0587158203,532.86581420898,505.21302764892795,1,1
2024-06-26,535.7265625,533.87603759765,505.796311340334,1,1
2024-06-27,536.571105957,534.5390197753801,506.33778289795106,1,1
2024-06-28,534.4596557617,534.88414916991,506.875705261232,1,1
2024-07-01,535.5595703125,535.3069580078001,507.41067169189597,1,1
2024-07-02,539.1637573242,535.66732177733,507.94147399902505,1,1
2024-07-03,541.5698242188,536.13221435546,508.494190368654,1,1
2024-07-05,544.6927490234,537.05526123046,509.050030517579,1,1
2024-07-08,545.3212890625,538.1129455566299,509.614303283692,1,1
2024-07-09,545.8516845703,,,0,0
2024-07-10,551.2529907227,,,0,0
2024-07-11,546.4996948242,,,0,0
2024-07-12,549.9468383789,,,0,0
2024-07-15,551.4592285156,,,0,0
2024-07-16,554.7294311523,,,0,0
2024-07-17,546.9514770508,,,0,0
2024-07-18,542.7482910156,,,0,0
2024-07-19,539.1441040039,,,0,0
2024-07-22,544.7026367188,547.3286376953099,,0,0
2024-07-23,543.8482666016,547.12829589844,,0,0
2024-07-24,531.5232543945,545.15532226562,,0,0
2024-07-25,528.7537231445,543.3807250976499,,0,0
2024-07-26,534.67578125,541.85361938476,,0,0
2024-07-29,534.9899291992,540.20668945312,,0,0
2024-07-30,532.2795410156,537.96170043945,,0,0
2024-07-31,540.9315185547,537.35970458984,,0,0
2024-08-01,533.2713623047,536.41201171875,,0,0
2024-08-02,523.3427124023,534.8318725585899,,0,0
2024-08-05,508.1010131836,531.17171020507,,0,0
2024-08-06,512.7854614258,528.06542968749,,0,0
2024-08-07,509.358001709,525.84890441894,,0,0
2024-08-08,521.1329956055,525.08683166504,,0,0
2024-08-09,523.4310913086,523.9623626709,,0,0
2024-08-12,523.7061157227,522.83398132325,,0,0
2024-08-13,532.3187866211,522.8379058838,,0,0
2024-08-14,533.998046875,522.1445587158299,,0,0
2024-08-15,543.1509399414,523.1325164795,,0,0
2024-08-16,544.3685913086,525.23510437013,,0,0
2024-08-19,549.5736083984,529.38236389161,,0,0
2024-08-20,548.6799926758,532.97181701661,,0,0
2024-08-21,550.5654296875,537.0925598144601,,0,0
2024-08-22,546.2444458008,539.60370483399,,0,0
2024-08-23,552.0484008789,542.46543579102,,0,0
2024-08-26,550.7324829102,545.16807250977,,0,0
2024-08-27,551.4886474609,547.08505859375,,0,0
2024-08-28,548.2871704102,548.51397094727,,0,0
2024-08-29,548.3361206055,549.0324890136801,,0,0
2024-08-30,553.5706787109,549.95269775391,,0,0
2024-09-03,542.1787109375,549.21320800782,,0,0
2024-09-04,541.0690307617,548.45211181641,,0,0
2024-09-05,539.7529907227,547.3708679199301,,0,0
2024-09-06,530.6688842773,545.81331176758,,0,0
2024-09-09,536.6102905273,544.26950073242,,0,0
2024-09-10,538.9476928711,543.09102172851,,0,0
2024-09-11,544.4766845703,542.3898254394501,,0,0
2024-09-12,549.0629882812,542.46740722655,,0,0
2024-09-13,551.9306030273,542.82685546873,,0,0
2024-09-16,552.7457275391,542.7443603515501,,0,0
2024-09-17,552.9716796875,543.82365722655,,0,0
2024-09-18,551.3315429688,544.84990844726,,0,0
2024-09-19,560.7396850586,546.94857788085,,0,0
2024-09-20,559.7703857422,549.8587280273399,,0,0
2024-09-23,561.1691894531,552.31461791992,,0,0
2024-09-24,562.7748413086,554.6973327636699,,0,0
2024-09-25,561.5336303711,556.40302734375,,0,0
2024-09-26,563.7600097656,557.8727294921899,,0,0
2024-09-27,562.9423217773,558.9739013671899,,0,0
2024-09-30,565.1981811523,560.2191467285099,,0,0
2024-10-01,560.1348266602,560.93546142578,,0,0
2024-10-02,560.3713378906,561.83944091796,,0,0
2024-10-03,559.3468017578,561.70015258788,,0,0
2024-10-04,564.4297485352,562.1660888671801,,0,0
2024-10-07,559.3270874023,561.9818786621,,0,0
2024-10-08,564.6170043945,562.16609497069,,0,0
2024-10-09,568.5277099609,562.8655029296699,,0,0
2024-10-10,567.5328369141,563.2427856445199,,0,0
2024-10-11,570.9312744141,564.0416809082001,,0,0
2024-10-14,575.6005859375,565.0819213867201,,0,0
2024-10-15,571.1283569336,566.18127441406,,0,0
2024-10-16,573.6107788086,567.50521850586,,0,0
2024-10-17,573.6599121094,568.93652954102,,0,0
2024-10-18,575.8665771484,570.0802124023401,,0,0
2024-10-21,574.9208374023,571.63958740234,,0,0
2024-10-22,574.6155395508,572.63944091797,548.7071569824201,1,0
2024-10-23,569.3650512695,572.7231750488301,549.0206685384093,1,1
2024-10-24,570.5964355469,573.02953491211,549.2785811360653,1,1
2024-10-25,570.3993530273,572.9763427734299,549.59724324544,1,1
2024-10-28,572.1627197266,572.6325561523399,549.8934549967427,1,1
2024-10-29,573.0886230469,572.8285827636699,550.1818469238267,1,1
2024-10-30,571.3549804688,572.60300292969,550.4035209147133,1,1
2024-10-31,560.1545410156,571.2524658203099,550.5795617675774,1,1
2024-11-01,562.5187988281,569.91768798828,550.8431685384106,1,1
2024-11-04,561.3070068359,568.5563049316399,551.138673909504,1,1
2024-11-05,568.0943603516,567.9041870117201,551.4505635579412,1,1
2024-11-06,582.2203369141,569.18971557618,551.9621911621081,1,1
2024-11-07,586.7221069336,570.80228271485,552.6981758626293,1,1
2024-11-08,589.2636108398,572.6887084961,553.5049743652334,1,1
2024-11-11,589.8251342773,574.4549499511701,554.240299072264,1,1
2024-11-12,587.9928588867,575.94537353515,554.9470048014307,1,1
2024-11-13,588.2785644531,577.63773193358,555.6936584472639,1,1
2024-11-14,584.4958496094,580.0718627929599,556.27451619466,1,1
2024-11-15,577.0092163086,581.5209045410099,556.8576875813786,1,1
2024-11-18,579.3734130859,583.3275451660099,557.6047635904932,1,1
2024-11-19,581.4913330078,584.66724243163,558.5833011881494,1,1
2024-11-20,581.6883544922,584.61404418944,559.5020064290346,1,1
2024-11-21,584.8110351562,584.4229370117,560.5080468749974,1,1
2024-11-22,586.6236572266,584.15894165038,561.381255696612,1,1
2024-11-25,588.6135253906,584.03778076171,562.2503548177053,1,1
2024-11-26,591.6869506836,584.4071899414,563.1567659505173,1,1
2024-11-27,589.8939819336,584.5687316894499,563.9244352213507,1,1
2024-11-29,593.5585327148,585.47499999999,564.718575032548,1,1
2024-12-02,594.6224975586,587.23632812499,565.404862467444,1,1
2024-12-03,594.8982543945,588.78881225585,566.0785913085894,1,1
2024-12-04,598.5922851562,590.49890747069,566.73217366536,1,1
2024-12-05,597.6072387695,592.09079589842,567.3845369466093,1,1
2024-12-06,598.7400512695,593.48369750975,568.0268652343693,1,1
2024-12-09,595.6567382812,594.38700561521,568.6856958007746,1,1
2024-12-10,593.8048095703,594.9061340331799,569.2424479166601,1,1
2024-12-11,598.395324707,595.5769714355199,569.8779524739507,1,1
2024-12-12,595.3119506836,596.1187683105201,570.4622631835866,1,1
2024-12-13,595.1937866211,596.28229370115,571.0876847330653,1,1
2024-12-16,597.7352905273,596.5935729980199,571.7463403320227,1,1
2024-12-17,595.2725219727,596.63099975584,572.3023649088467,1,1
2024-12-18,577.5313720703,594.52490844725,572.7737337239506,1,1
2024-12-19,577.3539428711,592.49957885741,573.257532552076,1,1
2024-12-20,584.2886352539,591.05443725585,573.8513411458252,1,1
2024-12-23,587.7874755859,590.2675109863201,574.6129223632732,1,1
2024-12-24,594.3207397461,590.3191040039001,575.382395019524,1,1
2024-12-26,594.3604125977,589.91561279297,576.1212312825453,1,1
2024-12-27,588.1038208008,589.19479980469,576.7029264322854,1,1
2024-12-30,581.3926391602,587.8146850585999,577.1339884440054,1,1
2024-12-31,579.2774658203,585.9689025879,577.4986132812453,1,1
2025-01-02,577.8541259766,584.22706298829,577.8333919270787,1,1
2025-01-03,585.079284668,584.98185424806,578.2614933268186,1,1
2025-01-06,588.4497070312,586.09143066407,578.756402180984,1,1
2025-01-07,581.7977905273,585.84234619141,579.0371769205666,1,1
2025-01-08,582.6477661133,585.32837524415,579.342208658848,1,1
2025-01-10,573.7523193359,,,0,0
2025-01-13,574.6419067383,,,0,0
2025-01-14,575.4326171875,,,0,0
2025-01-15,585.8997192383,,,0,0
2025-01-16,584.7728881836,,,0,0
2025-01-17,590.6439819336,,,0,0
2025-01-21,596.0504150391,,,0,0
2025-01-22,599.4011230469,,,0,0
2025-01-23,602.6727905273,,,0,0
2025-01-24,600.9133911133,,,0,0
2025-01-27,592.4132080078,,,0,0
2025-01-28,597.5034790039,,,0,0
2025-01-29,594.8248901367,,,0,0
2025-01-30,598.0173950195,,,0,0
2025-01-31,594.834777832,,,0,0
2025-02-03,590.8317871094,,,0,0
2025-02-04,594.7952880859,,,0,0
2025-02-05,597.2068481445,,,0,0
2025-02-06,599.2825317383,,,0,0
2025-02-07,593.796875,,,0,0
2025-02-10,597.8295898438,,,0,0
2025-02-11,598.2843017578,,,0,0
2025-02-12,596.3568725586,,,0,0
2025-02-13,602.6530151367,,,0,0
2025-02-14,602.6232910156,,,0,0
2025-02-18,604.3925170898,,,0,0
2025-02-19,605.8158569336,,,0,0
2025-02-20,603.2954101562,,,0,0
2025-02-21,592.9765625,,,0,0
2025-02-24,590.2783203125,,,0,0
2025-02-25,587.3427124023,,,0,0
2025-02-26,587.6392822266,,,0,0
2025-02-27,578.2593383789,,,0,0
2025-02-28,587.2834472656,,,0,0
2025-03-03,576.9942626953,,,0,0
2025-03-04,570.1644897461,,,0,0
2025-03-05,576.2925415039,,,0,0
2025-03-06,566.0626220703,,,0,0
2025-03-07,569.2353515625,,,0,0
2025-03-10,554.0734863281,589.6385375976499,,0,0
2025-03-11,549.4675292969,589.0314178466749,,0,0
2025-03-12,552.3832397461,588.47495117187,,0,0
2025-03-13,545.0197753906,587.7146301269474,,0,0
2025-03-14,556.2775268555,586.9740753173776,,0,0
2025-03-17,560.5671386719,586.3689315795849,,0,0
2025-03-18,554.5083618164,585.4655410766551,,0,0
2025-03-19,560.5473632812,584.5779647827075,,0,0
2025-03-20,558.9264526367,583.5660980224525,,0,0
2025-03-21,559.1108398438,582.477049255365,,0,0
2025-03-24,569.1236572266,581.6823059081975,,0,0
2025-03-25,570.4917602539,581.13426971435,,0,0
2025-03-26,563.6810302734,580.2887084960875,,0,0
2025-03-27,562.1840820312,579.47268829345,,0,0
2025-03-28,550.8626708984,578.2938201904225,,0,0
2025-03-31,554.5604858398,577.2869628906176,,0,0
2025-04-01,556.1267700195,576.41933746337,,0,0
2025-04-02,559.6461791992,575.5406097412025,,0,0
2025-04-03,532.06640625,573.91209869384,,0,0
2025-04-04,500.9176330566,571.4529762267975,,0,0
2025-04-07,500.025390625,569.1086891174225,,0,0
2025-04-08,492.1936340332,566.4677902221575,,0,0
2025-04-09,543.8834838867,565.10776977538,,0,0
2025-04-10,520.0510864258,563.2001251220601,,0,0
2025-04-11,529.3302001953,561.3670547485251,,0,0
2025-04-14,534.4654541016,559.6631088256751,,0,0
2025-04-15,532.9684448242,557.8775070190351,,0,0
2025-04-16,521.1217041016,555.760153198235,,0,0
2025-04-17,521.8651733398,553.724397277825,,0,0
2025-04-21,509.443359375,551.6360671997,,0,0
2025-04-22,522.6979980469,549.9465591430601,,0,0
2025-04-23,530.7973632812,548.5329254150325,,0,0
2025-04-24,541.9701538086,547.3911972045825,,0,0
2025-04-25,545.8859863281,546.5818634033125,,0,0
2025-04-28,546.0941772461,545.552131652825,,0,0
2025-04-29,549.5341796875,544.86562957763,,0,0
2025-04-30,549.7523803711,544.3553268432549,,0,0
2025-05-01,553.6483764648,543.7892227172774,,0,0
2025-05-02,561.8668212891,543.6843276977476,,0,0
2025-05-05,558.6448974609,543.4195663452075,,0,0
2025-05-06,553.9755249023,543.4171173095625,,0,0
2025-05-07,556.3052978516,543.58806152343,,0,0
2025-05-08,560.1815185547,543.7830184936449,,0,0
2025-05-09,559.4677734375,544.1442184448175,,0,0
2025-05-12,577.9567260742,544.6861984252849,,0,0
2025-05-13,581.7734985352,545.2163574218675,,0,0
2025-05-14,582.5170288086,545.9165740966725,,0,0
2025-05-15,585.3622436523,546.53694610595,,0,0
2025-05-16,589.0699462891,547.29053344726,,0,0
2025-05-19,589.7142944336,548.055619812005,,0,0
2025-05-20,587.7315673828,548.52081756591,,0,0
2025-05-21,577.8278808594,548.7042205810475,,0,0
2025-05-22,578.055847168,549.0635910034125,,0,0
2025-05-23,574.1102294922,549.3617446899375,,0,0
2025-05-27,586.0463256836,550.2413360595675,,0,0
2025-05-28,582.6557617188,550.9437179565425,,0,0
2025-05-29,584.9557495117,551.6644424438475,,0,0
2025-05-30,584.3014526367,552.280824279785,,0,0
2025-06-02,587.5928344727,553.6689849853525,,0,0
2025-06-03,590.9436645508,555.9196357727075,,0,0
2025-06-04,590.7849731445,558.188625335695,,0,0
2025-06-05,587.9298095703,560.5820297241224,,0,0
2025-06-06,593.9672851562,561.83412475586,,0,0
2025-06-09,594.5026245117,563.6954132080075,,0,0
2025-06-10,597.8732910156,565.408990478515,,0,0
2025-06-11,596.1681518555,566.9515579223624,,0,0
2025-06-12,598.5374755859,568.590783691405,,0,0
2025-06-13,591.8457641602,570.35888519287,,0,0
2025-06-16,597.4766845703,572.2491729736325,,0,0
2025-06-17,592.3711547852,574.3223678588876,,0,0
2025-06-18,592.2819824219,576.0619674682624,,0,0
2025-06-20,590.8909301758,577.5643066406276,,0,0
2025-06-23,596.7274780273,578.9332397460951,,0,0
2025-06-24,603.3196411133,580.3690811157251,,0,0
2025-06-25,603.6577148438,581.8081695556674,,0,0
2025-06-26,608.3806152344,583.27933044434,,0,0
2025-06-27,611.4032592773,584.820602416995,,0,0
2025-06-30,614.3265380859,586.3375564575225,,0,0
2025-07-01,614.1276855469,587.6440780639675,,0,0
2025-07-02,616.9116821289,589.1007476806675,,0,0
2025-07-03,621.7738037109,590.7957046508825,,0,0
2025-07-07,617.1403808594,592.3165817260775,,0,0
2025-07-08,616.8023681641,593.7321029663125,,0,0
2025-07-09,620.5010986328,595.2579360961951,,0,0
2025-07-10,622.2510986328,596.36529541016,,0,0
2025-07-11,620.0635986328,,,0,0
2025-07-14,621.2467651367,,,0,0
2025-07-15,618.5920410156,,,0,0
2025-07-16,620.66015625,,,0,0
2025-07-17,624.4583740234,,,0,0
2025-07-18,624.0010375977,,,0,0
2025-07-21,625.1842651367,,,0,0
2025-07-22,625.2737426758,622.2232177734301,,0,0
2025-07-23,630.5932617188,623.23243408203,,0,0
2025-07-24,630.8020019531,624.08752441406,,0,0
2025-07-25,633.4667358398,625.42783813476,,0,0
2025-07-28,633.3076782227,626.63392944336,,0,0
2025-07-29,631.6372070312,627.9384460449199,,0,0
2025-07-30,630.841796875,628.9566101074199,,0,0
2025-07-31,628.475402832,629.3583129882801,,0,0
2025-08-01,618.1743774414,628.77564697265,,0,0
2025-08-04,627.5704956055,629.0142700195299,,0,0
2025-08-05,624.3887329102,628.92576904297,,0,0
2025-08-06,629.1713867188,628.78358154297,,0,0
2025-08-07,628.6443481445,628.56781616211,,0,0
2025-08-08,633.5462646484,628.57576904297,,0,0
2025-08-11,632.2934570312,628.47434692382,,0,0
2025-08-12,639.0249023438,629.21311645508,,0,0
2025-08-13,641.2123413086,630.25017089844,,0,0
2025-08-14,641.2719726562,631.5298278808599,,0,0
2025-08-15,639.7706298828,633.689453125,,0,0
2025-08-18,639.6313476562,634.89553833007,,0,0
2025-08-19,636.1612548828,636.07279052733,,0,0
2025-08-20,634.4709472656,636.60274658201,,0,0
2025-08-21,631.9255371094,636.9308654785,,0,0
2025-08-22,641.6299438477,637.73923339843,,0,0
2025-08-25,638.8060302734,638.3904907226499,,0,0
2025-08-26,641.4807739258,638.6360778808499,,0,0
2025-08-27,642.9423828125,638.80908203124,,0,0
2025-08-28,645.2192993164,639.20381469726,,0,0
2025-08-29,641.3713989258,639.36389160156,,0,0
2025-09-02,636.6186523438,639.06262207032,,0,0
2025-09-03,640.0688476562,639.45338134766,,0,0
2025-09-04,645.4181518555,640.54810180665,,0,0
2025-09-05,643.5488891602,641.71043701173,,0,0
2025-09-08,645.1298217773,642.06042480469,,0,0
2025-09-09,646.6212768555,642.8419494629,,0,0
2025-09-10,648.4906005859,643.54293212891,,0,0
2025-09-11,653.879699707,644.63666381836,,0,0
2025-09-12,653.6608886719,645.4808227539099,,0,0
2025-09-15,657.1409301758,647.0577758789101,,0,0
2025-09-16,656.2361450195,649.01952514648,,0,0
2025-09-17,655.4208374023,650.55472412109,,0,0
2025-09-18,658.4832763672,651.8612365722599,,0,0
2025-09-19,661.7446289062,653.68081054686,,0,0
2025-09-22,664.8753662109,655.65536499022,,0,0
2025-09-23,661.2561035156,657.11884765623,,0,0
2025-09-24,659.1522216797,658.18500976561,,0,0
2025-09-25,656.1112670898,658.40816650389,,0,0
2025-09-26,659.8701782227,659.02909545897,,0,0
2025-09-29,661.7246704102,659.48746948241,,0,0
2025-09-30,664.2172851562,660.28558349608,,0,0
2025-10-01,666.4806518555,661.3915649414,,0,0
2025-10-02,667.2482910156,662.26806640624,,0,0
2025-10-03,667.2384033203,662.81744384765,,0,0
2025-10-06,669.6312866211,663.2930358886699,,0,0
2025-10-07,667.1486206055,663.88228759766,,0,0
2025-10-08,671.1268920898,665.07975463867,,0,0
2025-10-09,669.1826171875,666.3868896484399,,0,0
2025-10-10,651.0960693359,665.50947875976,,0,0
2025-10-13,661.0865478516,665.4456665038999,,0,0
2025-10-14,660.2789306641,665.05183105469,,0,0
2025-10-15,663.2102661133,664.72479248047,,0,0
2025-10-16,658.6936645508,663.86932983399,,0,0
2025-10-17,662.4326171875,663.38875122071,,0,0
2025-10-20,669.3222045898,663.35784301758,,0,0
2025-10-21,669.3121948242,663.57420043945,,0,0
2025-10-22,665.8325195312,663.04476318359,644.78740804036,1,0
2025-10-23,669.7808837891,663.10458984375,645.444471842444,1,1
2025-10-24,675.254699707,665.52045288086,646.1511865234334,1,1
2025-10-27,683.2211303711,667.73391113281,646.9932869466106,1,1
2025-10-28,685.0357666016,670.20959472656,647.8438069661428,1,1
2025-10-29,685.3648071289,672.42504882812,648.73411051432,1,1
2025-10-30,677.8270874023,674.33839111327,649.4963362630174,1,1
2025-10-31,680.0505371094,676.1001831054599,650.237565104164,1,1
2025-11-03,681.3267822266,677.3006408691401,651.0019083658826,1,1
2025-11-04,673.2506103516,677.69448242188,651.6427929687479,1,1
2025-11-05,675.5837402344,678.6696044921999,652.313592936196,1,1
2025-11-06,668.335144043,678.52503051759,652.816818033852,1,1
2025-11-07,668.9931640625,677.89887695314,653.326033528644,1,1
2025-11-10,679.4323730469,677.5200012207199,653.9389086914053,1,1
2025-11-11,680.9877319336,677.11519775392,654.5746427408841,1,1
2025-11-12,681.3666381836,676.71538085939,655.2377018229159,1,1
2025-11-13,670.0599975586,675.93867187502,655.760611165364,1,1
2025-11-14,669.950378418,674.92865600588,656.313610839844,1,1
2025-11-17,663.7088012695,673.1668579101699,656.9207364908854,1,1
2025-11-18,658.1353149414,671.65532836915,657.328267415364,1,1
2025-11-19,660.6777954102,670.16473388673,657.8121215820306,1,1
2025-11-20,650.6075439453,668.3919738769599,658.0979370117174,1,1
2025-11-21,657.0883789062,667.20149536133,658.4771907552067,1,1
2025-11-24,666.759765625,665.9342346191399,658.9200374348947,1,1
2025-11-25,673.03125,665.13858642578,659.463208007812,1,1
2025-11-26,677.6775512695,664.76967773437,659.9785766601547,1,1
2025-11-28,681.3765869141,665.9013366699199,660.5140999348947,1,1
2025-12-01,678.2658081055,666.73287963867,661.0073510742186,1,1
2025-12-02,679.5220947266,668.31420898438,661.5373706054693,1,1
2025-12-03,681.8751220703,670.68818969727,662.1006209309907,1,1
2025-12-04,682.3736572266,672.8577758789099,662.7167862955747,1,1
2025-12-05,683.6697998047,676.16400146485,663.3727709960959,1,1
2025-12-08,681.6159057617,678.6167541504001,664.0353092447934,1,1
2025-12-09,681.0275878906,680.04353637696,664.5606111653652,1,1
2025-12-10,685.5443115234,681.2948425293,665.1837882486986,1,1
2025-12-11,687.1395263672,682.24104003907,665.7925716145841,1,1
2025-12-12,679.7514038086,682.07852172852,666.2833585611987,1,1
2025-12-15,678.7244262695,682.12438354492,666.7300935872399,1,1
2025-12-16,676.869934082,681.85916748046,667.2034073893226,1,1
2025-12-17,669.4219360352,680.61384887695,667.640784505208,1,1
2025-12-18,674.4769287109,679.8241760253801,668.0995589192706,1,1
2025-12-19,680.5900268555,679.51619873046,668.568517252604,1,1
2025-12-22,684.8300170898,679.83760986327,669.1189322916653,1,1
2025-12-23,687.9600219727,680.53085327148,669.6900016276039,1,1
2025-12-24,690.3800048828,681.01442260742,670.2734513346347,1,1
2025-12-26,690.3099975586,681.33146972656,670.8310432942707,1,1
2025-12-29,687.8499755859,682.14132690429,671.2839803059893,1,1
2025-12-30,687.0100097656,682.9698852539,671.7286352539054,1,1
2025-12-31,681.9199829102,683.47489013672,672.0590226236974,1,1
2026-01-02,683.1699829102,684.84969482422,672.41814046224,1,1
2026-01-05,687.7199707031,686.17399902344,672.8487955729172,1,1
2026-01-06,691.8099975586,687.29599609375,673.2931518554693,1,1
2026-01-07,689.5800170898,687.77099609375,673.664290364584,1,1
2026-01-08,689.5100097656,687.9259948730399,673.9927522786467,1,1
2026-01-09,694.0700073242,,,0,0
2026-01-12,695.1599731445,,,0,0
2026-01-13,693.7700195312,,,0,0
2026-01-14,690.3599853516,,,0,0
2026-01-15,692.2399902344,,,0,0
2026-01-16,691.6599731445,,,0,0
2026-01-20,677.5800170898,,,0,0
2026-01-21,685.4000244141,,,0,0
2026-01-22,688.9799804688,,,0,0
2026-01-23,689.2299804688,689.84499511719,,0,0
2026-01-26,692.7299804688,689.7109924316501,,0,0
2026-01-27,695.4899902344,689.74399414064,,0,0
2026-01-28,695.4199829102,689.90899047854,,0,0
2026-01-29,694.0399780273,690.2769897461101,,0,0
2026-01-30,691.9699707031,690.24998779298,,0,0
2026-02-02,695.4099731445,690.62498779298,,0,0
2026-02-03,689.5300292969,691.81998901369,,0,0
2026-02-04,686.1900024414,691.89898681642,,0,0
2026-02-05,677.6199951172,690.76298828126,,0,0
2026-02-06,690.6199951172,690.9019897461001,,0,0
2026-02-09,693.950012207,691.02399291992,,0,0
2026-02-10,692.1199951172,690.6869934082,,0,0
2026-02-11,691.9600219727,690.3409973144501,,0,0
2026-02-12,681.2700195312,689.06400146484,,0,0
2026-02-13,681.75,688.04200439453,,0,0
